UPC1,Descrption,Price,QOH,Tax,Category,Sub Category ,Sub Category 2,Sub Category 3 ,Vendor 
40000004544,Lilywood 25oz,45,1,Yes,Giftware ,Bottle,,,Swell
40000004542,Ocean Blue Shimmer 25oz,45,1,Yes,Giftware ,Bottle,,,Swell
40000003980,Cowboy Belt Sand,80,1,Yes,Accessory ,Belt,,Leather,Cowboy Belt Co
40000003990,Stilt Roll Up,235,5,Yes,Apparel ,Bottom,Pant,Denim,AG
40000003978,Cowboy Belt Sky Blue,56,1,Yes,Accessory ,Belt ,,Leather,Cowboy Belt Co
40000003988,Stilt Roll Up,178,5,Yes,Apparel ,Bottom,Pant,Denim,AG
40000004378,Bella Dahl Flowy Cami,129.99,2,Yes,Apparel ,Top,Shirt,Sleeveless,Bella Dahl 
40000004402,Tart Flora Top,105.99,3,Yes,Apparel ,Top,Shirt,Sleeveless,Tart Collection 
40000004380,Bella Dahl Pullover White Tuni,142.99,1,Yes,Apparel ,Top,Shirt,Sleeveless,Bella Dahl 
40000004165,PPLA Top,54.99,1,Yes,Apparel ,Top,Shirt,Sleeveless,PPLA
40007744001,MellyMoo Little,16,1,Yes,Giftware ,Stuffed Animal ,,,Jelly Cat 
40000003977,Cowboy Belt Peach,46,1,Yes,Accessory ,Belt,,Leather,Cowboy Belt Co
40000004074,Low Rise Ankle Crop,218,1,Yes,Apparel ,Bottom,Ankle,Denim,J Brand 
40000004074,Low Rise Ankle Crop,218,1,Yes,Apparel ,Bottom,Ankle,Denim,J Brand 
40000004074,Low Rise Ankle Crop,218,1,Yes,Apparel ,Bottom,Ankle,Denim,J Brand 
40000004074,Low Rise Ankle Crop,218,1,Yes,Apparel ,Bottom,Ankle,Denim,J Brand 
40000004074,Low Rise Ankle Crop,218,1,Yes,Apparel ,Bottom,Ankle,Denim,J Brand 
40000003976,Cowboy Belt Camel,46,1,Yes,Apparel ,Belt,,Leather,Cowboy Belt Co
40008045001,Low Rise Cropped,198,1,Yes,Apparel ,Bottom,Crop,Denim,J Brand 
40000004015,Sadey Slim,258,1,Yes,Apparel ,Bottom,Pant,Denim,AG
40000004015,Sadey Slim,258,1,Yes,Apparel ,Bottom,Pant,Denim,AG
40000004015,Sadey Slim,258,1,Yes,Apparel ,Bottom,Pant,Denim,AG
40000004015,Sadey Slim,258,1,Yes,Apparel ,Bottom,Pant,Denim,AG
1396435525,Gift Tags ,1,4,Yes,Giftware ,,,,Papaya
3752,Necklace,39,1,Yes,Accessory ,Jewelry,Necklace,,LA Product 
40000004225,Large Pocket Pullover,129.99,1,Yes,Apparel ,Top,Shirt,Sleeveless,Bella Dahl 
40000004225,Large Pocket Pullover,129.99,1,Yes,Apparel ,Top,Shirt,Sleeveless,Bella Dahl 
40000004225,Large Pocket Pullover,129.99,1,Yes,Apparel ,Top,Shirt,Sleeveless,Bella Dahl 
40000004375,Bella Dahl Split Back Halter,84.99,1,Yes,Apparel ,Top,Shirt,Sleeveless,Bella Dahl 
40000004375,Bella Dahl Split Back Halter,84.99,1,Yes,Apparel ,Top,Shirt,Sleeveless,Bella Dahl 
40000004375,Bella Dahl Split Back Halter,84.99,1,Yes,Apparel ,Top,Shirt,Sleeveless,Bella Dahl 
40000004165,PPLA Top,54.99,1,Yes,Apparel ,Top,,,PPLA
40000004165,PPLA Top,54.99,1,Yes,Apparel ,Top,,,PPLA
40000004541,Yellow Gold 17oz,42,1,Yes,Giftware ,Bottle,,,Swell
40000004546,Navy Alligator 25oz,45,1,Yes,Giftware ,Bottle,,,Swell
40000004542,Ocean Blue Shimmer 25oz,45,1,Yes,Giftware ,Bottle,,,Swell
40000003975,Cowboy Belt Mint,68,1,Yes,Accessory ,Belt,,Leather,Cowboy Belt Co
40000003700,Slit ,168,1,Yes,Apparel ,Bottom,Pant,Denim,AG
40000003700,Slit ,168,1,Yes,Apparel ,Bottom,Pant,Denim,AG
40000003699,Prima,178,1,Yes,Apparel ,Bottom,Pant,Denim,AG
40000003699,Prima,178,1,Yes,Apparel ,Bottom,Pant,Denim,AG
80380156396,Legging ,220,1,Yes,Apparel ,Bottom,Pant,Denim,AG
40000003979,Cowboy Belt Mud,89,1,Yes,Accessory ,Belt,,Leather,Cowboy Belt Co
40000004012,Mid Rise Capri,268,1,Yes,Apparel ,Bottom,Capri,Denim,
40000004012,Mid Rise Capri,268,1,Yes,Apparel ,Bottom,Capri,Denim,
40000004012,Mid Rise Capri,268,1,Yes,Apparel ,Bottom,Capri,Denim,
40000004220,Button Down,95.99,1,Yes,Apparel ,Top,,,
40000004220,Button Down,95.99,1,Yes,Apparel ,Top,,,
40000004376,Bella Dahl Hankerchief Popover,79.99,1,Yes,Apparel ,Top,,,Bella Dahl
40000004376,Bella Dahl Hankerchief Popover,79.99,1,Yes,Apparel ,Top,,,Bella Dahl
40000004221,V-Neck Popover,124.99,1,Yes,Apparel ,Top,,,
40000004310,PPLA Top,57.99,1,Yes,Apparel ,Top,,,PPLA
40000004310,PPLA Top,57.99,1,Yes,Apparel ,Top,,,PPLA
40007874001,Reversible Tote,95,1,Yes,Accessory ,Tote,,,Sydeny Love
68541310440,Reversible Tote,95,1,Yes,Accessory ,Tote,,,Sydeny Love
40000004062,Local Celebrity Tee,38,1,Yes,Apparel ,Top,Tshirt,Shorts Seeve ,Local Celebrity 
40000004400,Tart Jill Dress,162.99,1,Yes,Apparel ,Dress,,,Tart Collection 
40000004400,Tart Jill Dress,162.99,1,Yes,Apparel ,Dress,,,Tart Collection 
40000004483,Mumu Bluebird Cloud Tunic,140.99,1,Yes,Apparel ,Top,Tunic,,Mumu 
40007782001,Peacock ,25,1,Yes,Giftware ,Umbrella ,,,Vineralla
40007780001,Chevron,25,1,Yes,Giftware ,Umbrella ,,,Vineralla
40007777001,Green Wine,25,1,Yes,Giftware ,Umbrella ,,,Vineralla
40007776001,Black Wine,25,1,Yes,Giftware ,Umbrella ,,,Vineralla
40007776001,Black Wine,25,1,Yes,Giftware ,Umbrella ,,,Vineralla
40007532001,Head Massager,4,8,Yes,Giftware ,,,,Fred&Friends
40000004034,Rewined Candle,28,22,Yes,Giftware ,Candle,,, Rewined Candle 
40007589001,Pickled Bottlestopper,10,1,Yes,Giftware ,,,,Fred&Friends
40007587001,Plunge Bottlestopper,9,2,Yes,Giftware ,,,,Fred&Friends
40007590001,Moby Dick Party Picks,13,3,Yes,Giftware ,,,,Fred&Friends
40007602001,Murder Ink Pad and Pen,13,2,Yes,Giftware ,,,,Fred&Friends
40007595001,Cake Candelabra,9,5,Yes,Giftware ,,,,Fred&Friends
40007534001,XL Wine Glass,12,5,Yes,Giftware ,Wine Glass ,,,Fred&Friends
40007603001,Unzipped Glass Bag,23,4,Yes,Giftware ,,,,Fred&Friends
40006583001,Produce Candel ,28,6,Yes,Bath/Body ,Candle,,,Produce
40007593001,Sauced Measurer,18,3,Yes,Giftware ,Wine Glass ,,,Fred&Friends
40007678001,Cherimoya,27,5,Yes,Giftware ,,,,
40007344001,Sauvignon Blanc Candle,28,1,Yes,Giftware ,Candle,,,Rewined Candle 
40007624001,Hamsa Necklace,14,1,Yes,Accessory ,Necklace,,,Luckey Feather
40007604001,Shine Bright Necklace,14,2,Yes,Accessory ,Necklace,,,Luckey Feather
40006881001,Thread Necklace,10,1,Yes,Accessory ,Necklace,,,Luckey Feather
40007614001,Guardian Angel Necklace,12,1,Yes,Accessory ,Necklace,,,Luckey Feather
40007609001,Birthday Necklace,12,1,Yes,Accessory ,Necklace,,,Luckey Feather
40007605001,Friendship Necklace,17,8,Yes,Accessory ,Necklace,,,Luckey Feather
40007608001,Owl Necklace,12,1,Yes,Accessory ,Necklace,,,Luckey Feather
40006881001,Thread Necklace,10,5,Yes,Accessory ,Necklace,,,Luckey Feather
40007606001,State Necklace,14,5,Yes,Accessory ,Necklace,,,Luckey Feather
40007620001,Birdie Necklace,12,1,Yes,Accessory ,Necklace,,,Luckey Feather
40007610001,Congrats Necklace,12,2,Yes,Accessory ,Necklace,,,Luckey Feather
40007614001,Guardian Angel Necklace,12,1,Yes,Accessory ,Necklace,,,Luckey Feather
40007604001,Shine Bright Necklace,14,1,Yes,Accessory ,Necklace,,,Luckey Feather
40007607001,Fleur De Lys Necklace,12,1,Yes,Accessory ,Necklace,,,Luckey Feather
40007619001,Clover Necklace,12,1,Yes,Accessory ,Necklace,,,Luckey Feather
40007624001,Hamsa Necklace,14,1,Yes,Accessory ,Necklace,,,Luckey Feather
40007604001,Shine Bright Necklace,14,4,Yes,Accessory ,Necklace,,,Luckey Feather
40007618001,Lotus Necklace,12,1,Yes,Accessory ,Necklace,,,Luckey Feather
40007621001,Queen Necklace,12,1,Yes,Accessory ,Necklace,,,Luckey Feather
40007623001,Hot Air Balloon Necklace,12,1,Yes,Accessory ,Necklace,,,Luckey Feather
40007608001,Owl Necklace,12,1,Yes,Accessory ,Necklace,,,Luckey Feather
40007617001,Music Necklace,12,1,Yes,Accessory ,Necklace,,,Luckey Feather
40007623001,Hot Air Balloon Necklace,12,1,Yes,Accessory ,Necklace,,,Luckey Feather
87862300652,Lucky Feather Jewelry ,10,4,Yes,Accessory ,Necklace,,,Luckey Feather
40007620001,Birdie Necklace,12,1,Yes,Accessory ,Necklace,,,Luckey Feather
40007616001,Peace Necklace,12,1,Yes,Accessory ,Necklace,,,Luckey Feather
87862300252,Lucky Feather Jewelry ,10,1,Yes,Accessory ,Necklace,,,Luckey Feather
40006881001,Thread Necklace,10,4,Yes,Accessory ,Necklace,,,Luckey Feather
40007622001,Sparkle Necklace,12,1,Yes,Accessory ,Necklace,,,Luckey Feather
40007604001,Shine Bright Necklace,14,1,Yes,Accessory ,Necklace,,,Luckey Feather
40007607001,Fleur De Lys Necklace,12,1,Yes,Accessory ,Necklace,,,Luckey Feather
87862300666,Lucky Feather Jewelry ,10,1,Yes,Accessory ,Necklace,,,Luckey Feather
40007622001,Sparkle Necklace,12,1,Yes,Accessory ,Necklace,,,Luckey Feather
87862300653,Lucky Feather Jewelry ,10,1,Yes,Accessory ,Necklace,,,Luckey Feather
40007617001,Music Necklace,12,1,Yes,Accessory ,Necklace,,,Luckey Feather
40007612001,Wishbone Necklace,12,1,Yes,Accessory ,Necklace,,,Luckey Feather
40006881001,Thread Necklace,10,1,Yes,Accessory ,Necklace,,,Luckey Feather
40007611001,Bee Necklace,12,1,Yes,Accessory ,Necklace,,,Luckey Feather
40007618001,Lotus Necklace,12,1,Yes,Accessory ,Necklace,,,Luckey Feather
40007609001,Birthday Necklace,12,1,Yes,Accessory ,Necklace,,,Luckey Feather
40006881001,Thread Necklace,10,2,Yes,Accessory ,Necklace,,,Luckey Feather
87862300652,Lucky Feather Jewelry ,10,1,Yes,Accessory ,Necklace,,,Luckey Feather
40007616001,Peace Necklace,12,1,Yes,Accessory ,Necklace,,,Luckey Feather
40007613001,Ballet Dancer Necklace,12,1,Yes,Accessory ,Necklace,,,Luckey Feather
40007605001,Friendship Necklace,17,1,Yes,Accessory ,Necklace,,,Luckey Feather
40006881001,Thread Necklace,10,1,Yes,Accessory ,Necklace,,,Luckey Feather
40000004049,Tin Candle,6,10,Yes,Giftware ,Candle,,,Aquiesse
40000004048,Candle,27,10,Yes,Giftware ,Candle,,,
40000003819,Mini Bling,25,10,Yes,Accessory ,Earring,,,Joe Joe  Jewels
40000003820,Cushion Bling,37,5,Yes,Accessory ,Earring,,,Joe Joe  Jewels
40007725001,You're So Awesome,11,5,Yes,Stationary ,,,,Knock Knock 
40007726001,Wish For,11,4,Yes,Stationary ,,,,Knock Knock 
40007720001,Excuses and Lies,11,1,Yes,Stationary ,,,,Knock Knock 
40007537001,Squirrel Jewelry Box,11,2,Yes,Giftware ,,,,Fred&Friends
40007533001,Clever Fox Pen,4,12,Yes,Giftware ,,,,Fred&Friends
40006941001,Various Sunglasses,42,3,Yes,Accessory ,Sunglasses,,,Blue Planet
40006583001,Cucumber Mist,28,3,Yes,Giftware ,Candle,,,
40007660001,Fabulous/Feathers Tiara,7.5,3,Yes,Stationary ,Greeting Card,,,Heart The Moment 
40007663001,Simply the Best/Crown Tiara,7.5,3,Yes,Stationary ,Greeting Card,,,Heart The Moment 
40007664001,WooHoo/Tiara Tiara,7.5,4,Yes,Stationary ,Greeting Card,,,Heart The Moment 
40007662001,Queen of this Day/Songbird Tia,7.5,3,Yes,Stationary ,Greeting Card,,,Heart The Moment 
40007661001,One of a Kind/Mermaid Tiara,7.5,4,Yes,Stationary ,Greeting Card,,,Heart The Moment 
40007916001,Sadie Black,108,2,Yes,Accessory ,Wallet,,,Hobo
40007914001,Sadie Carmine,108,1,Yes,Accessory ,Wallet,,,Hobo
40007908001,Lauren Carmine,110,2,Yes,Accessory ,Wallet,,,Hobo
40007907001,Lauren Black,110,1,Yes,Accessory ,Wallet,,,Hobo
40007913001,Vida Carmine,98,1,Yes,Accessory ,Wallet,,,Hobo
40007918001,Rachel Carmine,128,1,Yes,Accessory ,Wallet,,,Hobo
40000004026,Karma Throw Pillow,50,1,Yes,Dicor,Pillow,,,Karma
40007748001,Bashful Bunny Pistachio,22,1,Yes,Giftware ,Stuffed Animal ,,,Jelly Cat 
40000004026,Karma Throw Pillow,50,1,Yes,Dicor,Pillow,,,Karma
40007746001,Dapple Croc,30,1,Yes,Giftware ,Stuffed Animal ,,,Jelly Cat 
40007786001,Doing It Wrong,14,2,Yes,Giftware ,Towel,,,Twisted Towel 
40006641001,Hangtite Towel-Various,12.5,2,Yes,Giftware ,Towel,,,Twisted Towel 
40006644001,Graters Gonna Grate,14,1,Yes,Giftware ,Towel,,,Twisted Towel 
40007793001,Felted Soap,16,12,Yes,Bath/Body ,Soap,,,Felted Soap
40000004011,Cheap Eats Bird Feeder,28,2,Yes,Giftware ,Bird Feeder,,,Fred&Friends
40007968001,Starlet Sticky Note,14,2,Yes,Stationary ,,,,Knock Knock
40000004482,Mumu White Cloud Mini Dress,165.99,1,Yes,Apparel,Dress,,,Mumu
40000004342,Yosi E-Run,55,14,Yes,Footwear ,Flip Flop,,,Yosi
40007511001,Duchess of Sasstown Socks,10,1,Yes,Footwear ,Sock,,,
40007637001,Pig Socks,7,1,Yes,Footwear ,Sock,,,
40007531001,Hark! Brewery Men's Socks,12,1,Yes,Footwear ,Sock,,,
40007507001,Runnin' The World Socks,10,1,Yes,Footwear ,Sock,,,
40007507001,Runnin' The World Socks,10,1,Yes,Footwear ,Sock,,,
40007636001,Donkey Socks,7,1,Yes,Footwear ,Sock,,,
40007636001,Donkey Socks,7,1,Yes,Footwear ,Sock,,,
40007636001,Donkey Socks,7,1,Yes,Footwear ,Sock,,,
40007506001,Thou Art The Bomb Socks,10,1,Yes,Footwear ,Sock,,,
40007531001,Hark! Brewery Men's Socks,12,1,Yes,Footwear ,Sock,,,
40007507001,Runnin' The World Socks,10,1,Yes,Footwear ,Sock,,,
40000004315,Karma Socks,9.99,1,Yes,Footwear ,Sock,,,
40000004315,Karma Socks,9.99,1,Yes,Footwear ,Sock,,,
40000004315,Karma Socks,9.99,1,Yes,Footwear ,Sock,,,
40007140001,Candy Knee Socks,12,1,Yes,Footwear ,Sock,,,
81719601568,,12,1,Yes,Footwear ,Sock,,,
81719601568,,12,2,Yes,Footwear ,Sock,,,
40007148001,Waffles Knee Socks,12,1,Yes,Footwear ,Sock,,,
40007137001,Donuts Knee Socks,12,1,Yes,Footwear ,Sock,,,
40007156001,Whiskey,12,2,Yes,Footwear ,Sock,,,
81278902411,,12,1,Yes,Footwear ,Sock,,,
81719601447,,12,2,Yes,Footwear ,Sock,,,
40007686001,Geek Socks,12,5,Yes,Footwear ,Sock,,,
40007697001,Tacos Socks,12,3,Yes,Footwear ,Sock,,,
40007154001,Dork Knee Sock,12,1,Yes,Footwear ,Sock,,,
40007691001,Coffee Socks,12,1,Yes,Footwear ,Sock,,,
40007152001,Ninja Knee Sock,12,2,Yes,Footwear ,Sock,,,
40007691001,Coffee Socks,12,3,Yes,Footwear ,Sock,,,
40007136001,Vodka Knee Socks,12,5,Yes,Footwear ,Sock,,,
40007135001,Bacon Knee Socks,12,4,Yes,Footwear ,Sock,,,
40007137001,Donuts Knee Socks,12,5,Yes,Footwear ,Sock,,,
40007140001,Candy Knee Socks,12,3,Yes,Footwear ,Sock,,,
40007142001,Beer Knee Socks,12,2,Yes,Footwear ,Sock,,,
40007144001,Brat Knee Socks,12,4,Yes,Footwear ,Sock,,,
40007144001,Brat Knee Socks,12,1,Yes,Footwear ,Sock,,,
40007140001,Candy Knee Socks,12,1,Yes,Footwear ,Sock,,,
40007505001,You Rocketh Socks,10,4,Yes,Footwear ,Sock,,,
40007853001,Uni-Camo,10,4,Yes,Footwear ,Sock,,,
40007514001,Not the Boss Socks,10,2,Yes,Footwear ,Sock,,,
40007508001,Stay Away From Assholes Socks,10,9,Yes,Footwear ,Sock,,,
40007516001,You're Beautiful Socks,10,5,Yes,Footwear ,Sock,,,
40007503001,Blue Q Socks,10,4,Yes,Footwear ,Sock,,,
40007638001,Dog Socks,7,3,Yes,Footwear ,Sock,,,
40007634001,Sheep Socks,7,3,Yes,Footwear ,Sock,,,
81719601351,,10,3,Yes,Footwear ,Sock,,,
40007494001,Hand Sanitizer,5,4,Yes,Footwear ,Sock,,,
40007503001,Blue Q Socks,10,5,Yes,Footwear ,Sock,,,
40007509001,La-Di-Da Socks,10,2,Yes,Footwear ,Sock,,,
40007860001,Florida,10,5,Yes,Footwear ,Sock,,,
40000004315,Karma Socks,9.99,5,Yes,Footwear ,Sock,,,
40007512001,Cute but Psycho Socks,10,3,Yes,Footwear ,Sock,,,
81719601571,,10,2,Yes,Footwear ,Sock,,,
40007515001,Sock Whore Socks,10,4,Yes,Footwear ,Sock,,,
40007873001,Love Bunny,10,5,Yes,Footwear ,Sock,,,
81719601349,,10,3,Yes,Footwear ,Sock,,,
40007861001,Pump It Up,10,6,Yes,Footwear ,Sock,,,
40007503001,Blue Q Socks,10,4,Yes,Footwear ,Sock,,,
40007517001,Morning. No Thanks Socks,10,2,Yes,Footwear ,Sock,,,
40007076001,Don't Judge Me,9.95,6,Yes,Footwear ,Sock,,,
81719601164,,10,7,Yes,Footwear ,Sock,,,
40007854001,Catcus,10,5,Yes,Footwear ,Sock,,,
40007850001,Birthday Cat,10,4,Yes,Footwear ,Sock,,,
40007510001,Compulsively Awesome Socks,10,4,Yes,Footwear ,Sock,,,
40000004315,Karma Socks,9.99,6,Yes,Footwear ,Sock,,,
40007856001,Breakfast,10,6,Yes,Footwear ,Sock,,,
40007503001,Blue Q Socks,10,5,Yes,Footwear ,Sock,,,
40007858001,Mr. Fox,10,5,Yes,Footwear ,Sock,,,
81719601573,,10,3,Yes,Footwear ,Sock,,,
40007855001,Pink Pug,10,5,Yes,Footwear ,Sock,,,
40007852001,Leopard,10,4,Yes,Footwear ,Sock,,,
40000004315,Karma Socks,9.99,4,Yes,Footwear ,Sock,,,
81719601135,,12,3,Yes,Footwear ,Sock,,,
40007531001,Hark! Brewery Men's Socks,12,3,Yes,Footwear ,Sock,,,
81719601292,,12,2,Yes,Footwear ,Sock,,,
40007862001,Sweater Safari,12,6,Yes,Footwear ,Sock,,,
81719601509,,12,7,Yes,Footwear ,Sock,,,
40007871001,Raining Cats and Dogs,12,5,Yes,Footwear ,Sock,,,
81719601509,,12,2,Yes,Footwear ,Sock,,,
81719601508,,12,4,Yes,Footwear ,Sock,,,
40007864001,Kitty Willows,12,6,Yes,Footwear ,Sock,,,
40007870001,Llama Drama,12,5,Yes,Footwear ,Sock,,,
81719601589,,12,1,Yes,Footwear ,Sock,,,
40007366001,Ice Cream Knee,12,4,Yes,Footwear ,Sock,,,
40007144001,Brat Knee Socks,12,1,Yes,Footwear ,Sock,,,
40007140001,Candy Knee Socks,12,1,Yes,Footwear ,Sock,,,
40007152001,Ninja Knee Sock,12,1,Yes,Footwear ,Sock,,,
40007686001,Geek Socks,12,1,Yes,Footwear ,Sock,,,
40007135001,Bacon Knee Socks,12,1,Yes,Footwear ,Sock,,,
40007154001,Dork Knee Sock,12,1,Yes,Footwear ,Sock,,,
40007691001,Coffee Socks,12,1,Yes,Footwear ,Sock,,,
40007148001,Waffles Knee Socks,12,1,Yes,Footwear ,Sock,,,
40007689001,Vodka Socks,12,1,Yes,Footwear ,Sock,,,
40007142001,Beer Knee Socks,12,1,Yes,Footwear ,Sock,,,
81719601243,,12,6,Yes,Footwear ,Sock,,,
40007156001,Whiskey,12,1,Yes,Footwear ,Sock,,,
81278902425,,12,1,Yes,Footwear ,Sock,,,
40007868001,Peacock,12,3,Yes,Footwear ,Sock,,,
81719601319,,12,2,Yes,Footwear ,Sock,,,
81719601319,,12,7,Yes,Footwear ,Sock,,,
40007494001,Hand Sanitizer,5,2,Yes,Footwear ,Sock,,,
40007602001,Murder Ink Pad and Pen,13,3,Yes,Footwear ,Sock,,,
72898702370,,15,2,Yes,Footwear ,Sock,,,
40007592001,Wine Lives Markers,11,1,Yes,Footwear ,Sock,,,
40007595001,Cake Candelabra,9,2,Yes,Footwear ,Sock,,,
40007588001,Banana Bottlestopper,9,2,Yes,Footwear ,Sock,,,
40000003645,,12,1,Yes,Footwear ,Sock,,,
40000003645,,12,1,Yes,Footwear ,Sock,,,
40000003645,,12,1,Yes,Footwear ,Sock,,,
40000003645,,12,1,Yes,Footwear ,Sock,,,
40000003645,,12,1,Yes,Footwear ,Sock,,,
40000003645,,12,1,Yes,Footwear ,Sock,,,
40000003645,,12,1,Yes,Footwear ,Sock,,,
40000003645,,12,1,Yes,Footwear ,Sock,,,
40000003645,,12,1,Yes,Footwear ,Sock,,,
40000003645,,12,1,Yes,Footwear ,Sock,,,
40007588001,Banana Bottlestopper,9,2,Yes,Giftware ,,,,Fred&Friends
40007591001,Tapped Aerator,15,2,Yes,Giftware ,,,,
40007594001,Coq Au Vin Wine Stopper,11,6,Yes,Giftware ,,,,Fred&Friends
40007589001,Pickled Bottlestopper,10,2,Yes,Giftware ,,,,Fred&Friends
40007587001,Plunge Bottlestopper,9,2,Yes,Giftware ,,,,Fred&Friends
40007596001,Dishwasher Sign,8,5,Yes,Giftware ,,,,Fred&Friends
40007597001,MonKEYS,6,9,Yes,Giftware ,,,,Fred&Friends
40007598001,FreaKEYS,8,6,Yes,Giftware ,,,,Fred&Friends
9265701836,,10,1,Yes,Giftware ,,,,
40007782001,Peacock,25,2,Yes,Giftware ,,,,
40007775001,Yellow Wine,25,2,Yes,Giftware ,,,,
40007781001,Artistic Purple/White,25,2,Yes,Giftware ,,,,
40007593001,Sauced Measurer,18,1,Yes,Giftware ,Wine Glass ,,,Fred&Friends
40007632001,Mug Bird,16,1,Yes,Giftware ,Mug,,,Karma
40000004316,Karma Mugs,19.99,1,Yes,Giftware ,Mug,,,Karma
40000004544,Lilywood 25oz,45,1,Yes,Giftware ,Bottle,,,Swell
40000004033,Glass Water Bottle,25,3,Yes,Giftware ,Bottle,,,Karma
40007746001,Dapple Croc,30,1,Yes,Giftware ,Stuffed Animal ,,,Jelly Cat
40007739001,Woodland Fox,22,1,Yes,Giftware ,Stuffed Animal ,,,Jelly Cat
40007650001,2 Wick Candle,18,1,Yes,Giftware ,Candle,,,
40007656001,3 Wick Candle,20,1,Yes,Giftware ,Candle,,,
40007651001,Mini Candle,12,1,Yes,Giftware ,Candle,,,
40007645001,Scalloped Candlepot,22,1,Yes,Giftware ,Candle,,,
40007658001,Scalloped Candlepot,22,1,Yes,Giftware ,Candle,,,
40007654001,Scalloped Candlepot,22,1,Yes,Giftware ,Candle,,,
40007645001,Scalloped Candlepot,22,1,Yes,Giftware ,Candle,,,
40007645001,Scalloped Candlepot,22,1,Yes,Giftware ,Candle,,,
40007654001,Scalloped Candlepot,22,1,Yes,Giftware ,Candle,,,
40007654001,Scalloped Candlepot,22,1,Yes,Giftware ,Candle,,,
40007658001,Scalloped Candlepot,22,1,Yes,Giftware ,Candle,,,
40007649001,Mini Candle,12,1,Yes,Giftware ,Candle,,,
40007651001,Mini Candle,12,1,Yes,Giftware ,Candle,,,
40007648001,2 Wick Candle,18,1,Yes,Giftware ,Candle,,,
40007656001,3 Wick Candle,20,1,Yes,Giftware ,Candle,,,
7827001,,45,1,Yes,,,,,
787270016,,45,1,Yes,,,,,
7811001,,48,1,Yes,,,,,
781001,,48,1,Yes,,,,,
7811001,,48,1,Yes,,,,,
7831001,,36,1,Yes,,,,,
7835001,,45,1,Yes,,,,,
7838001,,45,1,Yes,,,,,
793001,,36,1,Yes,,,,,
7833001,,31,1,Yes,,,,,
7827001,,45,1,Yes,,,,,
7827001,,45,1,Yes,,,,,
7810001,,48,1,Yes,,,,,
40000003703,Hand Wipes,8,2,Yes,Bath/Body ,,,,
40000003713,,17,2,Yes,Bath/Body ,,,,
40000003712,,10,1,Yes,Bath/Body ,,,,
40000003703,Hand Wipes,8,2,Yes,Bath/Body ,,,,
40000003713,,17,2,Yes,Bath/Body ,,,,
40000003712,,10,3,Yes,Bath/Body ,,,,
40000003703,Hand Wipes,8,4,Yes,Bath/Body ,,,,
40000003713,,17,1,Yes,Bath/Body ,,,,
40000003712,,10,2,Yes,Bath/Body ,,,,
40000003703,Hand Wipes,8,2,Yes,Bath/Body ,,,,
40000003713,,17,2,Yes,Bath/Body ,,,,
40000003712,,10,1,Yes,Bath/Body ,,,,
40000003712,,10,1,Yes,Bath/Body ,,,,
40000003713,,17,2,Yes,Bath/Body ,,,,
40000003703,Hand Wipes,8,1,Yes,Bath/Body ,,,,
40000003630,,38,2,Yes,Bath/Body ,,,,
40000003630,,38,5,Yes,Bath/Body ,,,,
40000003629,Hand Cream,12,4,Yes,Bath/Body ,,,,
40000003629,Hand Cream,12,4,Yes,Bath/Body ,,,,
40000003629,Hand Cream,12,4,Yes,Bath/Body ,,,,
40000003629,Hand Cream,12,4,Yes,Bath/Body ,,,,
40000003703,Hand Wipes,8,1,Yes,Bath/Body ,,,,
40000004191,Yoga Bag,89.99,1,Yes,Accessory ,,,,
40000003797,Here's Your Snack Platter,23,6,Yes,Giftware ,Plate,,,Fishes Eddy 
40000004316,Karma Mugs,19.99,1,Yes,Giftware ,Mug,,,Karma
40007643001,Mini Candle,12,1,Yes,Giftware ,Candle,,,
40007652001,3 Wick Candle,20,1,Yes,Giftware ,Candle,,,
40007650001,2 Wick Candle,18,1,Yes,Giftware ,Candle,,,
40007643001,Mini Candle,12,1,Yes,Giftware ,Candle,,,
40007668001,Voila/Paris Wand,8,1,Yes,Giftware ,Candle,,,
40007666001,Doorknob Hanger,4,11,Yes,Giftware ,Greeting Card,,,Heart The  Moment 
40007669001,Shine/Feathers Wand,8,1,Yes,Giftware ,Greeting Card,,,Heart The  Moment 
40000003798,Intervention-Ware Mug,15,1,Yes,Giftware ,Mug,,,Fishes Eddy
40007625001,Umbrella Birds,17,1,Yes,Giftware ,Umbrella,,,
40007625001,Umbrella Birds,17,1,Yes,Giftware ,Umbrella,,,
79486600421,,17,2,Yes,Giftware ,,,,
40007627001,Umbrella Sugar Skull,17,2,Yes,Giftware ,Umbrella,,,
40007965001,Big Deal Notebook,16,6,Yes,Stationary ,,,,
40007951001,Pink Dawn Pad,9,1,Yes,Stationary ,,,,
40007743001,Fuddlewuddle Piglet,25,1,Yes,Giftware ,Stuffed Animal ,,,Jelly Cat
40007750001,Bashful Croc,22,1,Yes,Giftware ,Stuffed Animal ,,,Jelly Cat
40007757001,Toothie Shark,25,1,Yes,Giftware ,Stuffed Animal ,,,Jelly Cat
40007755001,Squiggle Kitty,15,1,Yes,Giftware ,Stuffed Animal ,,,Jelly Cat
40007200001,Gorilla,22,1,Yes,Giftware ,Stuffed Animal ,,,Jelly Cat
40007737001,Wowsa Hare,25,1,Yes,Giftware ,Stuffed Animal ,,,Jelly Cat
1039550430,Freaker,12,5,Yes,Giftware ,,,,Freaker USA 
1278902733,Freaker,12,5,Yes,Giftware ,,,,Freaker USA 
1278902744,Freaker,12,7,Yes,Giftware ,,,,Freaker USA 
1278902724,Freaker,12,4,Yes,Giftware ,,,,Freaker USA 
127890244,Freaker,12,7,Yes,Giftware ,,,,Freaker USA 
1278902275,Freaker,12,6,Yes,Giftware ,,,,Freaker USA 
1039550459,Freaker,12,4,Yes,Giftware ,,,,Freaker USA 
1278902074,Freaker,12,5,Yes,Giftware ,,,,Freaker USA 
5569600596,Freaker,12,3,Yes,Giftware ,,,,Freaker USA 
1278902607,Freaker,12,3,Yes,Giftware ,,,,Freaker USA 
5569600516,Freaker,12,4,Yes,Giftware ,,,,Freaker USA 
1039550403,Freaker,12,5,Yes,Giftware ,,,,Freaker USA 
1278902658,Freaker,12,2,Yes,Giftware ,,,,Freaker USA 
5569600580,Freaker,12,3,Yes,Giftware ,,,,Freaker USA 
1039550399,Freaker,12,5,Yes,Giftware ,,,,Freaker USA 
1278902396,Freaker,12,5,Yes,Giftware ,,,,Freaker USA 
1039550459,Freaker,12,1,Yes,Giftware ,,,,Freaker USA 
1278902108,Freaker,12,4,Yes,Giftware ,,,,Freaker USA 
1278902109,Freaker,12,3,Yes,Giftware ,,,,Freaker USA 
1278902102,Freaker,12,4,Yes,Giftware ,,,,Freaker USA 
1039550440,Freaker,12,6,Yes,Giftware ,,,,Freaker USA 
5265100535,Freaker,12,1,Yes,Giftware ,,,,Freaker USA 
61039550385,Freaker,12,1,Yes,Giftware ,,,,Freaker USA 
5265100576,Freaker,12,3,Yes,Giftware ,,,,Freaker USA 
5265100583,Freaker,12,2,Yes,Giftware ,,,,Freaker USA 
1278902395,Freaker,12,4,Yes,Giftware ,,,,Freaker USA 
5265100546,Freaker,12,7,Yes,Giftware ,,,,Freaker USA 
61039550385,Freaker,12,1,Yes,Giftware ,,,,Freaker USA 
1278902414,Freaker Feet ,18,3,Yes,Giftware ,,,,Freaker USA 
40000003653,Freaker Feet,18,2,Yes,Footwear ,Socks ,,,Freaker USA 
40000003653,Freaker Feet,18,5,Yes,Footwear ,Socks ,,,Freaker USA 
40000003653,Freaker Feet,18,3,Yes,Footwear ,Socks ,,,Freaker USA 
40000003653,Freaker Feet,18,2,Yes,Footwear ,Socks ,,,Freaker USA 
1278902272,Freaker Feet,18,5,Yes,Footwear ,Socks ,,,Freaker USA 
81278902215,Freaker Feet,18,8,Yes,Footwear ,Socks ,,,Freaker USA 
81278902186,Freaker Feet,18,8,Yes,Footwear ,Socks ,,,Freaker USA 
81278902410,Freaker Feet,18,8,Yes,Footwear ,Socks ,,,Freaker USA 
81278902250,Freaker Feet,18,4,Yes,Footwear ,Socks ,,,Freaker USA 
81278902479,Freaker Feet,18,3,Yes,Footwear ,Socks ,,,Freaker USA 
81278902502,Freaker Feet,18,3,Yes,Footwear ,Socks ,,,Freaker USA 
81278902685,Freaker Feet,18,4,Yes,Footwear ,Socks ,,,Freaker USA 
81278902241,Freaker Feet,18,3,Yes,Footwear ,Socks ,,,Freaker USA 
81278902249,Freaker Feet,18,6,Yes,Footwear ,Socks ,,,Freaker USA 
81278902235,Freaker Feet,18,3,Yes,Footwear ,Socks ,,,Freaker USA 
81278902232,Freaker Feet,18,2,Yes,Footwear ,Socks ,,,Freaker USA 
81278902479,Freaker Feet,18,2,Yes,Footwear ,Socks ,,,Freaker USA 
81278902239,Freaker Feet,18,2,Yes,Footwear ,Socks ,,,Freaker USA 
81278902238,Freaker Feet,18,2,Yes,Footwear ,Socks ,,,Freaker USA 
81278902417,Freaker Feet,18,6,Yes,Footwear ,Socks ,,,Freaker USA 
40000004192,Vintage Beach Bag,78.99,1,Yes,Accessory ,Handbags,,,America&Beyond 
40000004337,A&B Handbags,64.99,1,Yes,Accessory ,Handbags,,,America&Beyond 
40000004196,Multi Color Striped,78.99,1,Yes,Accessory ,Handbags,,,America&Beyond 
40000004338,A&B Handbags,49.99,1,Yes,Accessory ,Handbags,,,America&Beyond 
40000004194,Spring Bud Backpack,52.99,1,Yes,Accessory ,Handbags,,,America&Beyond 
40000004192,Vintage Beach Bag,78.99,1,Yes,Accessory ,Handbags,,,America&Beyond 
40000004194,Spring Bud Backpack,52.99,1,Yes,Accessory ,Handbags,,,America&Beyond 
40000004425,Hard Tail TRC1 T Back T,86.99,1,Yes,Apparel,Top,,,Hard Tail 
40000004425,Hard Tail TRC1 T Back T,86.99,1,Yes,Apparel,Top,,,Hard Tail 
40000004427,Hard Tail Linen Scoop Back Cre,64.99,1,Yes,Apparel,Top,,,Hard Tail 
40000004427,Hard Tail Linen Scoop Back Cre,64.99,1,Yes,Apparel,Top,,,Hard Tail 
40000004427,Hard Tail Linen Scoop Back Cre,64.99,1,Yes,Apparel,Top,,,Hard Tail 
40000003955,Alana Cropped MAria Pant,258,1,Yes,Apparel,Bottom,,,Hard Tail 
40000003955,Alana Cropped MAria Pant,258,1,Yes,Apparel,Bottom,,,Hard Tail 
40000003955,Alana Cropped MAria Pant,258,1,Yes,Apparel,Bottom,,,Hard Tail 
40000003955,Alana Cropped MAria Pant,258,1,Yes,Apparel,Bottom,,,Hard Tail 
40007847001,Tanya High Rise,123,1,Yes,Apparel,Bottom,Pant,Denim,
40007847001,Tanya High Rise,123,1,Yes,Apparel,Bottom,Pant,Denim,
40007847001,Tanya High Rise,123,1,Yes,Apparel,Bottom,Pant,Denim,
40007847001,Tanya High Rise,123,1,Yes,Apparel,Bottom,Pant,Denim,
40008043001,Mid Rise Skinny,218,1,Yes,Apparel,Bottom,Pant,Denim,
40008043001,Mid Rise Skinny,218,1,Yes,Apparel,Bottom,Pant,Denim,
40008043001,Mid Rise Skinny,218,1,Yes,Apparel,Bottom,Pant,Denim,
40008043001,Mid Rise Skinny,218,1,Yes,Apparel,Bottom,Pant,Denim,
40008043001,Mid Rise Skinny,218,1,Yes,Apparel,Bottom,Pant,Denim,
40008043001,Mid Rise Skinny,218,1,Yes,Apparel,Bottom,Pant,Denim,
40008043001,Mid Rise Skinny,218,1,Yes,Apparel,Bottom,Pant,Denim,
40008043001,Mid Rise Skinny,218,1,Yes,Apparel,Bottom,Pant,Denim,
40008043001,Mid Rise Skinny,218,1,Yes,Apparel,Bottom,Pant,Denim,
40007748001,Bashful Bunny Pistachio,22,1,Yes,Giftware ,Stuffed Animal ,,,Jelly Cats
40000003955,Alana Cropped MAria Pant,258,1,Yes,Apparel,Bottom,Pant,Denim,
40007738001,Clucky Ducky Chime,22,1,Yes,Giftware ,,,,
40007743001,Fuddlewuddle Piglet,25,1,Yes,Giftware ,,,,
85053000160,Thats All Card,2.99,5,Yes,Stationary ,Greeting Card,,,Thats All Card 
85053000143,Thats All Card,2.99,4,Yes,Stationary ,Greeting Card,,,Thats All Card 
85053000188,Thats All Card,2.99,1,Yes,Stationary ,Greeting Card,,,Thats All Card 
85053000160,Thats All Card,2.99,1,Yes,Stationary ,Greeting Card,,,Thats All Card 
85053000501,Thats All Card,2.99,5,Yes,Stationary ,Greeting Card,,,Thats All Card 
85053000170,Thats All Card,2.99,5,Yes,Stationary ,Greeting Card,,,Thats All Card 
85053000495,Thats All Card,2.99,5,Yes,Stationary ,Greeting Card,,,Thats All Card 
85053000498,Thats All Card,2.99,6,Yes,Stationary ,Greeting Card,,,Thats All Card 
85053000248,Thats All Card,2.99,2,Yes,Stationary ,Greeting Card,,,Thats All Card 
85053000342,Thats All Card,2.99,5,Yes,Stationary ,Greeting Card,,,Thats All Card 
85053000039,Thats All Card,2.99,5,Yes,Stationary ,Greeting Card,,,Thats All Card 
85053000477,Thats All Card,2.99,5,Yes,Stationary ,Greeting Card,,,Thats All Card 
85053000358,Thats All Card,2.99,2,Yes,Stationary ,Greeting Card,,,Thats All Card 
85053000291,Thats All Card,2.99,5,Yes,Stationary ,Greeting Card,,,Thats All Card 
85053000508,Thats All Card,2.99,3,Yes,Stationary ,Greeting Card,,,Thats All Card 
85053000474,Thats All Card,2.99,3,Yes,Stationary ,Greeting Card,,,Thats All Card 
85053000391,Thats All Card,2.99,5,Yes,Stationary ,Greeting Card,,,Thats All Card 
85053000009,Thats All Card,2.99,5,Yes,Stationary ,Greeting Card,,,Thats All Card 
85053000416,Thats All Card,2.99,1,Yes,Stationary ,Greeting Card,,,Thats All Card 
85053000060,Thats All Card,2.99,1,Yes,Stationary ,Greeting Card,,,Thats All Card 
85053000136,Thats All Card,2.99,8,Yes,Stationary ,Greeting Card,,,Thats All Card 
85053000310,Thats All Card,2.99,6,Yes,Stationary ,Greeting Card,,,Thats All Card 
85053000109,Thats All Card,2.99,4,Yes,Stationary ,Greeting Card,,,Thats All Card 
85053000268,Thats All Card,2.99,2,Yes,Stationary ,Greeting Card,,,Thats All Card 
85053000460,Thats All Card,2.99,2,Yes,Stationary ,Greeting Card,,,Thats All Card 
85053000482,Thats All Card,2.99,6,Yes,Stationary ,Greeting Card,,,Thats All Card 
85053000474,Thats All Card,2.99,2,Yes,Stationary ,Greeting Card,,,Thats All Card 
85053000450,Thats All Card,2.99,1,Yes,Stationary ,Greeting Card,,,Thats All Card 
85053000374,Thats All Card,2.99,1,Yes,Stationary ,Greeting Card,,,Thats All Card 
85053000399,Thats All Card,2.99,11,Yes,Stationary ,Greeting Card,,,Thats All Card 
85053000276,Thats All Card,2.99,4,Yes,Stationary ,Greeting Card,,,Thats All Card 
85053000478,Thats All Card,2.99,4,Yes,Stationary ,Greeting Card,,,Thats All Card 
85053000403,Thats All Card,2.99,4,Yes,Stationary ,Greeting Card,,,Thats All Card 
85053000239,Thats All Card,2.99,5,Yes,Stationary ,Greeting Card,,,Thats All Card 
85053000479,Thats All Card,2.99,6,Yes,Stationary ,Greeting Card,,,Thats All Card 
85053000375,Thats All Card,2.99,4,Yes,Stationary ,Greeting Card,,,Thats All Card 
85053000248,Thats All Card,2.99,3,Yes,Stationary ,Greeting Card,,,Thats All Card 
85053000242,Thats All Card,2.99,6,Yes,Stationary ,Greeting Card,,,Thats All Card 
85053000001,Thats All Card,2.99,6,Yes,Stationary ,Greeting Card,,,Thats All Card 
85053000133,Thats All Card,2.99,4,Yes,Stationary ,Greeting Card,,,Thats All Card 
85053000297,Thats All Card,2.99,5,Yes,Stationary ,Greeting Card,,,Thats All Card 
85053000354,Thats All Card,2.99,8,Yes,Stationary ,Greeting Card,,,Thats All Card 
85053000486,Thats All Card,2.99,2,Yes,Stationary ,Greeting Card,,,Thats All Card 
85053000484,Thats All Card,2.99,3,Yes,Stationary ,Greeting Card,,,Thats All Card 
85053000073,Thats All Card,2.99,4,Yes,Stationary ,Greeting Card,,,Thats All Card 
85053000240,Thats All Card,2.99,4,Yes,Stationary ,Greeting Card,,,Thats All Card 
85053000484,Thats All Card,2.99,4,Yes,Stationary ,Greeting Card,,,Thats All Card 
85053000137,Thats All Card,2.99,4,Yes,Stationary ,Greeting Card,,,Thats All Card 
85053000041,Thats All Card,2.99,4,Yes,Stationary ,Greeting Card,,,Thats All Card 
85053000079,Thats All Card,2.99,1,Yes,Stationary ,Greeting Card,,,Thats All Card 
85053000035,Thats All Card,2.99,4,Yes,Stationary ,Greeting Card,,,Thats All Card 
85053000042,Thats All Card,2.99,4,Yes,Stationary ,Greeting Card,,,Thats All Card 
85053000488,Thats All Card,2.99,6,Yes,Stationary ,Greeting Card,,,Thats All Card 
85053000506,Thats All Card,2.99,6,Yes,Stationary ,Greeting Card,,,Thats All Card 
85053000492,Thats All Card,2.99,5,Yes,Stationary ,Greeting Card,,,Thats All Card 
85053000165,Thats All Card,2.99,2,Yes,Stationary ,Greeting Card,,,Thats All Card 
85053000148,Thats All Card,2.99,4,Yes,Stationary ,Greeting Card,,,Thats All Card 
85053000455,Thats All Card,2.99,4,Yes,Stationary ,Greeting Card,,,Thats All Card 
85053000349,Thats All Card,2.99,2,Yes,Stationary ,Greeting Card,,,Thats All Card 
85053000293,Thats All Card,2.99,2,Yes,Stationary ,Greeting Card,,,Thats All Card 
85053000243,Thats All Card,2.99,3,Yes,Stationary ,Greeting Card,,,Thats All Card 
85053000225,Thats All Card,2.99,4,Yes,Stationary ,Greeting Card,,,Thats All Card 
85053000197,Thats All Card,2.99,5,Yes,Stationary ,Greeting Card,,,Thats All Card 
85053000093,Thats All Card,2.99,7,Yes,Stationary ,Greeting Card,,,Thats All Card 
85053000132,Thats All Card,2.99,3,Yes,Stationary ,Greeting Card,,,Thats All Card 
85053000301,Thats All Card,2.99,6,Yes,Stationary ,Greeting Card,,,Thats All Card 
85053000262,Thats All Card,2.99,4,Yes,Stationary ,Greeting Card,,,Thats All Card 
85053000130,Thats All Card,2.99,5,Yes,Stationary ,Greeting Card,,,Thats All Card 
85053000188,Thats All Card,2.99,2,Yes,Stationary ,Greeting Card,,,Thats All Card 
85053000170,Thats All Card,2.99,7,Yes,Stationary ,Greeting Card,,,Thats All Card 
85053000473,Thats All Card,2.99,6,Yes,Stationary ,Greeting Card,,,Thats All Card 
40000004491,Mumu Casa Love Emboridery,154.99,1,Yes,Apparel,Top,Tunic,,Mumu
40000003815,Headbands of Hope,32,1,Yes,Accessory ,Headband,,,Headbands of Hope
40000003815,Headbands of Hope,32,1,Yes,Accessory ,Headband,,,Headbands of Hope
40000003815,Headbands of Hope,32,1,Yes,Accessory ,Headband,,,Headbands of Hope
40000004551,Headbands of Hope,48,1,Yes,Accessory ,Headband,,,Headbands of Hope
40000004551,Headbands of Hope,48,1,Yes,Accessory ,Headband,,,Headbands of Hope
40000004552,Headbands of Hope,48,1,Yes,Accessory ,Headband,,,Headbands of Hope
40000004553,Headbands of Hope,48,1,Yes,Accessory ,Headband,,,Headbands of Hope
MMAFFB2,Affirmation,32,1,Yes,Accessory ,Jewelry ,Bracelet ,,Metal Monk
MMAFFB2,Affirmation,32,3,Yes,Accessory ,Jewelry ,Bracelet ,,Metal Monk
MMBEE1,Bee,12,1,Yes,Accessory ,Jewelry ,Bracelet ,,Metal Monk
MMBEE1,Bee,12,1,Yes,Accessory ,Jewelry ,Bracelet ,,Metal Monk
RM216P,Macrame Bangle,33,1,Yes,Accessory ,Jewelry ,Bracelet ,,Metal Monk
MMBEE1,Bee,12,2,Yes,Accessory ,Jewelry ,Bracelet ,,Metal Monk
RM216P,Macrame Bangle,33,1,Yes,Accessory ,Jewelry ,Bracelet ,,Metal Monk
MMAFFB2,Affirmation,32,4,Yes,Accessory ,Jewelry ,Bracelet ,,Metal Monk
M2016G,Small Druzy Necklace,50,1,Yes,Accessory ,Jewelry ,Bracelet ,,Love Poppy
M216C,Stretch Bracelet,47,1,Yes,Accessory ,Jewelry ,Bracelet ,,
MMCHARM2,Charm Bracelet,28,3,Yes,Accessory ,Jewelry ,Bracelet ,,
M316C,Love Poppy Brac,46.99,1,Yes,Accessory ,Jewelry ,Bracelet ,,
M216C,Stretch Bracelet,47,1,Yes,Accessory ,Jewelry ,Bracelet ,,
M316C,Love Poppy Brac,46.99,1,Yes,Accessory ,Jewelry ,Bracelet ,,Love Poppy
RM216B,Macrame Bracelet w/ Accent,38,1,Yes,Accessory ,Jewelry ,Bracelet ,,
M316C,Love Poppy Brac,46.99,2,Yes,Accessory ,Jewelry ,Bracelet ,,
RM216B,Macrame Bracelet w/ Accent,38,1,Yes,Accessory ,Jewelry ,Bracelet ,,
MMCHARM2,Charm Bracelet,28,3,Yes,Accessory ,Jewelry ,Bracelet ,,
MMCHARM2,Charm Bracelet,28,3,Yes,Accessory ,Jewelry ,Bracelet ,,
MMAFFB2,Affirmation,32,1,Yes,Accessory ,Jewelry ,Bracelet ,,
M216C,Stretch Bracelet,47,1,Yes,Accessory ,Jewelry ,Bracelet ,,
40007537001,Squirrel Jewelry Box,11,1,Yes,Accessory ,,,,
40000004072,Earring,18,1,Yes,Accessory ,Jewelry ,Earring,,
40000004072,Earring,18,1,Yes,Accessory ,Jewelry ,Earring,,
40000004072,Earring,18,1,Yes,Accessory ,Jewelry ,Earring,,
N59,An Old Soul,56,1,Yes,Accessory ,Jewelry ,Necklace,,
M216M,Love Poppy,69,1,Yes,Accessory ,Jewelry ,Necklace,,
M2161,Love Poppy,50,1,Yes,Accessory ,Jewelry ,Necklace,,
M316J,Love Poppy Neck,65.99,1,Yes,Accessory ,Jewelry ,Necklace,,
M216S,Statement Necklace,84,1,Yes,Accessory ,Jewelry ,Necklace,,
N128,An Old Soul,86,1,Yes,Accessory ,Jewelry ,Necklace,,
M316S,Love Poppy Neck,84.99,1,Yes,Accessory ,Jewelry ,Necklace,,
M216L,All Gold layering Necklace,55,1,Yes,Accessory ,Jewelry ,Necklace,,
606COW,Gold Skull,54.99,1,Yes,Accessory ,Jewelry ,Necklace,,
40007205001,Dragon,22,1,Yes,Accessory ,,,,
40000003982,Cowboy Bracelet Lemon,40,1,Yes,Accessory ,Jewelry ,Bracelet ,Leather,Cowboy Belt Co
40000003981,Cowboy Bracelet Off White,46,1,Yes,Accessory ,Jewelry ,Bracelet ,Leather,Cowboy Belt Co
40000003814,Headbands of Hope,20,1,Yes,Accessory ,Handband ,,,Handbands of Hope 
40000004314,Head Bands of Hope,22,1,Yes,Accessory ,Handband ,,,Handbands of Hope 
40000004314,Head Bands of Hope,22,1,Yes,Accessory ,Handband ,,,Handbands of Hope 
40000004314,Head Bands of Hope,22,1,Yes,Accessory ,Handband ,,,Handbands of Hope 
40000003814,Headbands of Hope,20,1,Yes,Accessory ,Handband ,,,Handbands of Hope 
40000004314,Head Bands of Hope,22,1,Yes,Accessory ,Handband ,,,Handbands of Hope 
40000004314,Head Bands of Hope,22,1,Yes,Accessory ,Handband ,,,Handbands of Hope 
40000004314,Head Bands of Hope,22,1,Yes,Accessory ,Handband ,,,Handbands of Hope 
40000004314,Head Bands of Hope,22,1,Yes,Accessory ,Handband ,,,Handbands of Hope 
40000004314,Head Bands of Hope,22,1,Yes,Accessory ,Handband ,,,Handbands of Hope 
40000004314,Head Bands of Hope,22,1,Yes,Accessory ,Handband ,,,Handbands of Hope 
40000004314,Head Bands of Hope,22,1,Yes,Accessory ,Handband ,,,Handbands of Hope 
40000004314,Head Bands of Hope,22,1,Yes,Accessory ,Handband ,,,Handbands of Hope 
40000004314,Head Bands of Hope,22,1,Yes,Accessory ,Handband ,,,Handbands of Hope 
40000004314,Head Bands of Hope,22,1,Yes,Accessory ,Handband ,,,Handbands of Hope 
40000003814,Headbands of Hope,20,1,Yes,Accessory ,Handband ,,,Handbands of Hope 
40000004314,Head Bands of Hope,22,1,Yes,Accessory ,Handband ,,,Handbands of Hope 
40000003814,Headbands of Hope,20,1,Yes,Accessory ,Handband ,,,Handbands of Hope 
40000004314,Head Bands of Hope,22,1,Yes,Accessory ,Handband ,,,Handbands of Hope 
40000004314,Head Bands of Hope,22,1,Yes,Accessory ,Handband ,,,Handbands of Hope 
40000004314,Head Bands of Hope,22,1,Yes,Accessory ,Handband ,,,Handbands of Hope 
40000004314,Head Bands of Hope,22,1,Yes,Accessory ,Handband ,,,Handbands of Hope 
40000004314,Head Bands of Hope,22,1,Yes,Accessory ,Handband ,,,Handbands of Hope 
40000004314,Head Bands of Hope,22,1,Yes,Accessory ,Handband ,,,Handbands of Hope 
40000004314,Head Bands of Hope,22,1,Yes,Accessory ,Handband ,,,Handbands of Hope 
40000004314,Head Bands of Hope,22,1,Yes,Accessory ,Handband ,,,Handbands of Hope 
40000004314,Head Bands of Hope,22,1,Yes,Accessory ,Handband ,,,Handbands of Hope 
40000003814,Headbands of Hope,20,1,Yes,Accessory ,Handband ,,,Handbands of Hope 
40000004314,Head Bands of Hope,22,1,Yes,Accessory ,Handband ,,,Handbands of Hope 
40000004314,Head Bands of Hope,22,1,Yes,Accessory ,Handband ,,,Handbands of Hope 
40000004314,Head Bands of Hope,22,1,Yes,Accessory ,Handband ,,,Handbands of Hope 
40000004314,Head Bands of Hope,22,1,Yes,Accessory ,Handband ,,,Handbands of Hope 
40000004314,Head Bands of Hope,22,1,Yes,Accessory ,Handband ,,,Handbands of Hope 
40000004314,Head Bands of Hope,22,1,Yes,Accessory ,Handband ,,,Handbands of Hope 
40000004314,Head Bands of Hope,22,1,Yes,Accessory ,Handband ,,,Handbands of Hope 
40000004314,Head Bands of Hope,22,1,Yes,Accessory ,Handband ,,,Handbands of Hope 
40000004314,Head Bands of Hope,22,1,Yes,Accessory ,Handband ,,,Handbands of Hope 
40000004314,Head Bands of Hope,22,1,Yes,Accessory ,Handband ,,,Handbands of Hope 
40000003911,Swing Tank,52,17,Yes,Apparel,Top,,,Groceries 
40000003910,Georgia Crop,52,10,Yes,Apparel,Top,,,Groceries 
40000003912,Dylann Dress,92,9,Yes,Apparel,Dress,,,Groceries 
40000004312,Groceries Dress,69.99,8,Yes,Apparel,Dress,,,Groceries 
40000003909,Karly Top,85,5,Yes,Apparel,Top,,,Groceries 
84579404032,Greeting Card,4,6,Yes,Stationary ,Greeting Card,,,
84579404045,Greeting Card,4,4,Yes,Stationary ,Greeting Card,,,
7.73E+12,Greeting Card,4,5,Yes,Stationary ,Greeting Card,,,
84579403826,Greeting Card,4,3,Yes,Stationary ,Greeting Card,,,
84579404001,Greeting Card,4,2,Yes,Stationary ,Greeting Card,,,
84579403823,Greeting Card,4,4,Yes,Stationary ,Greeting Card,,,
84579403901,Greeting Card,4,5,Yes,Stationary ,Greeting Card,,,
84579403814,Greeting Card,4,5,Yes,Stationary ,Greeting Card,,,
7.73E+12,Greeting Card,4,5,Yes,Stationary ,Greeting Card,,,
84579403906,Greeting Card,4,1,Yes,Stationary ,Greeting Card,,,
84579404047,Greeting Card,4,4,Yes,Stationary ,Greeting Card,,,
84579403984,Greeting Card,4,5,Yes,Stationary ,Greeting Card,,,
84579403824,Greeting Card,4,5,Yes,Stationary ,Greeting Card,,,
84579403980,Greeting Card,4,4,Yes,Stationary ,Greeting Card,,,
84579403822,Greeting Card,4,2,Yes,Stationary ,Greeting Card,,,
84579403987,Greeting Card,4,2,Yes,Stationary ,Greeting Card,,,
84579403820,Greeting Card,4,5,Yes,Stationary ,Greeting Card,,,
84579404031,Greeting Card,4,3,Yes,Stationary ,Greeting Card,,,
84579403922,Greeting Card,4,3,Yes,Stationary ,Greeting Card,,,
7.73E+12,Greeting Card,4,5,Yes,Stationary ,Greeting Card,,,
84579403986,Greeting Card,4,4,Yes,Stationary ,Greeting Card,,,
84579403981,Greeting Card,4,5,Yes,Stationary ,Greeting Card,,,
84579404002,Greeting Card,4,6,Yes,Stationary ,Greeting Card,,,
84579403972,Greeting Card,4,4,Yes,Stationary ,Greeting Card,,,
84579403987,Greeting Card,4,4,Yes,Stationary ,Greeting Card,,,
84579404006,Greeting Card,4,5,Yes,Stationary ,Greeting Card,,,
7.73E+12,Greeting Card,4,4,Yes,Stationary ,Greeting Card,,,
84579403977,Greeting Card,4,2,Yes,Stationary ,Greeting Card,,,
84579403508,Greeting Card,4,5,Yes,Stationary ,Greeting Card,,,
84579403985,Greeting Card,4,4,Yes,Stationary ,Greeting Card,,,
84579403821,Greeting Card,4,4,Yes,Stationary ,Greeting Card,,,
84579403918,Greeting Card,4,3,Yes,Stationary ,Greeting Card,,,
7.73E+12,Greeting Card,4,3,Yes,Stationary ,Greeting Card,,,
84579403902,Greeting Card,4,3,Yes,Stationary ,Greeting Card,,,
84579403834,Greeting Card,4,3,Yes,Stationary ,Greeting Card,,,
7.73E+12,Greeting Card,4,4,Yes,Stationary ,Greeting Card,,,
84579404001,Greeting Card,4,1,Yes,Stationary ,Greeting Card,,,
7.73E+12,Greeting Card,4,1,Yes,Stationary ,Greeting Card,,,
84579403989,Greeting Card,4,4,Yes,Stationary ,Greeting Card,,,
84579403054,Greeting Card,4,6,Yes,Stationary ,Greeting Card,,,
84579404000,Greeting Card,4,5,Yes,Stationary ,Greeting Card,,,
7.73E+12,Greeting Card,4,4,Yes,Stationary ,Greeting Card,,,
84579403970,Greeting Card,4,5,Yes,Stationary ,Greeting Card,,,
84579403992,Greeting Card,4,3,Yes,Stationary ,Greeting Card,,,
84579403667,Greeting Card,4,5,Yes,Stationary ,Greeting Card,,,
7.73E+12,Greeting Card,4,5,Yes,Stationary ,Greeting Card,,,
84579403959,Greeting Card,4,6,Yes,Stationary ,Greeting Card,,,
84579403914,Greeting Card,4,3,Yes,Stationary ,Greeting Card,,,
84579403825,Greeting Card,4,3,Yes,Stationary ,Greeting Card,,,
7.73E+12,Greeting Card,4,6,Yes,Stationary ,Greeting Card,,,
84579403829,Greeting Card,4,5,Yes,Stationary ,Greeting Card,,,
84579404035,Greeting Card,4,3,Yes,Stationary ,Greeting Card,,,
84579404035,Greeting Card,4,3,Yes,Stationary ,Greeting Card,,,
84579403992,Greeting Card,4,2,Yes,Stationary ,Greeting Card,,,
84579403996,Greeting Card,4,6,Yes,Stationary ,Greeting Card,,,
84579403958,Greeting Card,4,4,Yes,Stationary ,Greeting Card,,,
84579403827,Greeting Card,4,6,Yes,Stationary ,Greeting Card,,,
84579403994,Greeting Card,4,4,Yes,Stationary ,Greeting Card,,,
7.73E+12,Greeting Card,4,5,Yes,Stationary ,Greeting Card,,,
84579403903,Greeting Card,4,5,Yes,Stationary ,Greeting Card,,,
84579403966,Greeting Card,4,5,Yes,Stationary ,Greeting Card,,,
84579404036,Greeting Card,4,5,Yes,Stationary ,Greeting Card,,,
84579404049,Greeting Card,4,5,Yes,Stationary ,Greeting Card,,,
84579403919,Greeting Card,4,6,Yes,Stationary ,Greeting Card,,,
84579403957,Greeting Card,4,6,Yes,Stationary ,Greeting Card,,,
7.73E+12,Greeting Card,4,5,Yes,Stationary ,Greeting Card,,,
84579403830,Greeting Card,4,6,Yes,Stationary ,Greeting Card,,,
84579403056,Greeting Card,4,6,Yes,Stationary ,Greeting Card,,,
84579403904,Greeting Card,4,6,Yes,Stationary ,Greeting Card,,,
7.73E+12,Greeting Card,4,6,Yes,Stationary ,Greeting Card,,,
7.73E+12,Greeting Card,4,6,Yes,Stationary ,Greeting Card,,,
5.06E+12,Greeting Card,4,6,Yes,Stationary ,Greeting Card,,,
84579404051,Greeting Card,4,6,Yes,Stationary ,Greeting Card,,,
40007750001,Bashful Croc,22,2,Yes,Giftware,Stuffed Animal ,,,Jelly Cats
40000004489,Mumu Beach Bound Tee,87.99,1,Yes,Apparel,Top,,,Mumu
40000004489,Mumu Beach Bound Tee,87.99,1,Yes,Apparel,Top,,,Mumu
40000004489,Mumu Beach Bound Tee,87.99,1,Yes,Apparel,Top,,,Mumu
40000004361,Mumu Tutti Frutti,116.99,1,Yes,Apparel,Top,,,Mumu
40000004361,Mumu Tutti Frutti,116.99,1,Yes,Apparel,Top,,,Mumu
40000004485,Mumu Hibiscus Graphic Tank,87.99,1,Yes,Apparel,Top,,,Mumu
40000004485,Mumu Hibiscus Graphic Tank,87.99,1,Yes,Apparel,Top,,,Mumu
40000004485,Mumu Hibiscus Graphic Tank,87.99,1,Yes,Apparel,Top,,,Mumu
40000004354,Mumu Lava Lava Graphic,72.99,1,Yes,Apparel,Top,,,Mumu
40000004354,Mumu Lava Lava Graphic,72.99,1,Yes,Apparel,Top,,,Mumu
40000004358,Mumu Mae Mu,119.99,1,Yes,Apparel,Top,,,Mumu
40000004358,Mumu Mae Mu,119.99,1,Yes,Apparel,Top,,,Mumu
40000004358,Mumu Mae Mu,119.99,1,Yes,Apparel,Top,,,Mumu
40000004359,Mumu Gomez Mini dress,124.99,1,Yes,Apparel,Dress,,,Mumu
40000004359,Mumu Gomez Mini dress,124.99,1,Yes,Apparel,Dress,,,Mumu
40000004359,Mumu Gomez Mini dress,124.99,1,Yes,Apparel,Dress,,,Mumu
40000004353,Mumu North Shore,104.99,1,Yes,Apparel,Top,,,Mumu
40000004353,Mumu North Shore,104.99,1,Yes,Apparel,Top,,,Mumu
40000004353,Mumu North Shore,104.99,1,Yes,Apparel,Top,,,Mumu
40000004353,Mumu North Shore,104.99,1,Yes,Apparel,Top,,,Mumu
40000004488,Mumu Blue Tie Dye Tank,94.99,1,Yes,Apparel,Top,,,Mumu
40000004488,Mumu Blue Tie Dye Tank,94.99,1,Yes,Apparel,Top,,,Mumu
40000004355,Mumu Boca Raton,124.99,1,Yes,Apparel,Top,,,Mumu
40000004355,Mumu Boca Raton,124.99,1,Yes,Apparel,Top,,,Mumu
40000004360,Mumu North Shore,135.99,1,Yes,Apparel,Top,,,Mumu
40000004360,Mumu North Shore,135.99,1,Yes,Apparel,Top,,,Mumu
40000004360,Mumu North Shore,135.99,1,Yes,Apparel,Top,,,Mumu
40000004190,Slip Double Down,88,1,Yes,Apparel,,,,
40000004190,Slip Double Down,88,1,Yes,Apparel,,,,
40000004190,Slip Double Down,88,1,Yes,Apparel,,,,
40000004242,Z Supply,29.99,1,Yes,Apparel,,,,
40000004242,Z Supply,29.99,1,Yes,Apparel,,,,
40000004335,GoodHyouman,42.99,1,Yes,Apparel,,,,
40000004335,GoodHyouman,42.99,1,Yes,Apparel,,,,
40000004453,Hazel Floral Tank,59.99,1,Yes,Apparel,,,,Hazel
40000004453,Hazel Floral Tank,59.99,1,Yes,Apparel,,,,Hazel
40007874001,Reversible Tote,95,1,Yes,Accessory ,,,,Sydney Love
68541310224,Reversible Tote,95,1,Yes,Accessory ,,,,Sydney Love
40000004335,GoodHyouman,42.99,1,Yes,Apparel,,,,
40008044001,Mid Rise 11,172,1,Yes,Apparel,Bottom,Pant,Denim,
40008044001,Mid Rise 11,172,1,Yes,Apparel,Bottom,Pant,Denim,
40008044001,Mid Rise 11,172,1,Yes,Apparel,Bottom,Pant,Denim,
40008044001,Mid Rise 11,172,1,Yes,Apparel,Bottom,Pant,Denim,
40008044001,Mid Rise 11,172,1,Yes,Apparel,Bottom,Pant,Denim,
40007113001,Anorak Teal,130,1,Yes,Apparel,Outer Wear,Jacket ,,
40000004485,Mumu Hibiscus Graphic Tank,87.99,1,Yes,Apparel,,,,
40007113001,Anorak Teal,130,1,Yes,Apparel,Outer Wear,Jacket ,,
40008009001,Union Rinse,196,1,Yes,Apparel,Bottom,Pant,Denim,Raleigh Denim
40008009001,Union Rinse,196,1,Yes,Apparel,Bottom,Pant,Denim,Raleigh Denim
40008009001,Union Rinse,196,1,Yes,Apparel,Bottom,Pant,Denim,Raleigh Denim
40000004384,Young At Heart Gauze Strappy T,75.99,1,Yes,Apparel,Top,,,
40000004384,Young At Heart Gauze Strappy T,75.99,1,Yes,Apparel,Top,,,
40000004384,Young At Heart Gauze Strappy T,75.99,1,Yes,Apparel,Top,,,
40000004413,4EverYoung,59.99,1,Yes,Apparel,Top,,,
40000004413,4EverYoung,59.99,1,Yes,Apparel,Top,,,
40000004428,Hard Tail Sea Foam T Back,69.99,1,Yes,Apparel,Top,,,
40000004428,Hard Tail Sea Foam T Back,69.99,1,Yes,Apparel,Top,,,
40000004428,Hard Tail Sea Foam T Back,69.99,1,Yes,Apparel,Top,,,
40000004428,Hard Tail Sea Foam T Back,69.99,1,Yes,Apparel,Top,,,
40000004356,Mumu Pretty as a Peach,89.99,1,Yes,Apparel,Top,,,
40000004356,Mumu Pretty as a Peach,89.99,1,Yes,Apparel,Top,,,
40000004261,Feel The Piece,175.99,1,Yes,Apparel,Top,,,
40000004261,Feel The Piece,175.99,1,Yes,Apparel,Top,,,
40000004261,Feel The Piece,175.99,1,Yes,Apparel,Top,,,
40000004083,Feel The Piece,156,1,Yes,Apparel,Top,,,
40000004083,Feel The Piece,156,1,Yes,Apparel,Top,,,
40000004430,Hard Tail Horizontal Crop,89.99,1,Yes,Apparel,Bottom,,,
40000004430,Hard Tail Horizontal Crop,89.99,1,Yes,Apparel,Bottom,,,
40000004430,Hard Tail Horizontal Crop,89.99,1,Yes,Apparel,Bottom,,,
40000004430,Hard Tail Horizontal Crop,89.99,1,Yes,Apparel,Bottom,,,
40000004429,Hard Tail Split Back slouchy,115.99,1,Yes,Apparel,Top,,,
40000004429,Hard Tail Split Back slouchy,115.99,1,Yes,Apparel,Top,,,
40000004429,Hard Tail Split Back slouchy,115.99,1,Yes,Apparel,Top,,,
40000004429,Hard Tail Split Back slouchy,115.99,1,Yes,Apparel,Top,,,
40000004161,PPLA Top,42.99,1,Yes,Apparel,Top,,,
40000004161,PPLA Top,42.99,1,Yes,Apparel,Top,,,
40000004161,PPLA Top,42.99,1,Yes,Apparel,Top,,,
40000004161,PPLA Top,42.99,1,Yes,Apparel,Top,,,
40000004431,Hard Tail Slouchy T,89.99,1,Yes,Apparel,Top,,,
40000004431,Hard Tail Slouchy T,89.99,1,Yes,Apparel,Top,,,
S3HP10354BHN,Mayberry Dress,72.99,7,Yes,Apparel,Dress,,,
40000004426,Hard Tail Electric Flat Waist,84.99,2,Yes,Apparel,Bottom,,,
40000004212,Natural Top,88.99,3,Yes,Apparel,Top,,,
40000004417,Free People Black/Green,68,4,Yes,Apparel,,,,
40007932001,Answers Pouch,21,1,Yes,Apparel,,,,
40008012001,Surry London,265,1,Yes,Apparel,,,,
40008014001,Haywood TKO,225,3,Yes,Apparel,Bottom,Pant,Denim,
40000004448,Free People Moon Light Dress,128,4,Yes,Apparel,,,,
40000004424,Hard Tail Papaya Sleeved Shirt,62.99,4,Yes,Apparel,,,,
40000004094,River and Sky Tunic,84,1,Yes,Apparel,,,,
40000004085,Feel The Piece,85,2,Yes,Apparel,,,,
40000004216,Allison Slit Tunic,42.99,3,Yes,Apparel,,,,
40000004167,PPLA Top,56.99,2,Yes,Apparel,,,,
40000004423,Hard Tail Street-easy Dress,105.99,4,Yes,Apparel,,,,
40000004079,PPLA Denim Tank,55,4,Yes,Apparel,,,,
40000003695,,178,1,Yes,Apparel,,,,
40007796001,Uptown Short,69,1,Yes,Apparel,,,,
40000003698,,143,1,Yes,Apparel,,,,
40007845001,Lauren Lounge Short,97,1,Yes,Apparel,,,,
40007846001,Cassandra Short,84,1,Yes,Apparel,,,,
40000003759,,98,1,Yes,Apparel,,,,
40000003759,,98,1,Yes,Apparel,,,,
40000003759,,98,1,Yes,Apparel,,,,
40000004059,Grey Blouse,89,1,Yes,Apparel,,,,
40000004226,Spaghetti Tank Dress,54.99,6,Yes,Apparel,,,,
40000003642,,120,1,Yes,Apparel,,,,
40007804001,Layla Knit Dress,118,1,Yes,Apparel,Dress,,,
40000004322,Tangerine Dress,132.99,2,Yes,Apparel,Dress,,,
40000003996,Joanna Top,118,1,Yes,Apparel,Top,,,
40000004381,Bella Dahl Rose Shorts,79.99,4,Yes,Apparel,Bottom,Shorts,,
40000004223,Easy Pocket Short,84.99,3,Yes,Apparel,Bottom,Shorts,,
40000004152,Geo Burn Out Top,88,2,Yes,Apparel,Top,,,
40000004263,Renee C Top,49.99,2,Yes,Apparel,Top,,,
40000004325,Tangerine Tank,95.99,1,Yes,Apparel,Top,,,
40000004324,Tangerine Beaded Tank,139.99,2,Yes,Apparel,Top,,,
40000004133,NATRL TOP,79.99,2,Yes,Apparel,Top,,,
40000003950,Teryn Top,118,1,Yes,Apparel,Top,,,
40000003951,Harmony Top,124,2,Yes,Apparel,Top,,,
40000003769,Tank Dress,73,1,Yes,Apparel,Dress,,,
40000003949,Reign Pintuck Sleeveless,98,3,Yes,Apparel,Top,,,
40000003739,,62,1,Yes,Apparel,,,,
40000003772,White Romper,84,3,Yes,Apparel,,,,
40000003746,Pinnapple Graphic ,28,7,Yes,Apparel,Top,Tank,,
D4211,River and Sky Tunic,84,1,Yes,Apparel,Top,Tunic,,
40000004323,Tangerine Tank,99.99,1,Yes,Apparel,Top,Tank,,
40000003746,,28,1,Yes,Apparel,,,,
40000004158,PPLA Top,42.99,1,Yes,Apparel,Top,,,
40007764001,Lady Liberty,58,1,Yes,Apparel,,,,
40007803001,Last Chance Top,98,1,Yes,Apparel,Top,,,
40000003885,Sweet Dream Tee,43,2,Yes,Apparel,Top,,,
40000003715,,135,1,Yes,Apparel,,,,
40000003715,,135,1,Yes,Apparel,,,,
40000004109,Reneec Spaghetti Strap,55,2,Yes,Apparel,Top,,,
40000003711,,88,2,Yes,Apparel,,,,
40000004058,Floral Print Tank,74,3,Yes,Apparel,Top,Tank,,
40000004055,Printed Romper,39,1,Yes,Apparel,Romper,,,
H15143,White Hazel Top,78,1,Yes,Apparel,Top,,,
40000003767,V-Neck Top,42,1,Yes,Apparel,Top,,,
40000004310,PPLA Top,57.99,1,Yes,Apparel,Top,,,
40000003743,GoodHyou Top,39.99,1,Yes,Apparel,Top,,,
40000004224,Pullover Dress,159.99,2,Yes,Apparel,Dress,,,
40000003714,,145,1,Yes,Apparel,,,,
40000004248,Feel The Piece,189.99,1,Yes,Apparel,Top,,,
40007112001,Anorak Lt. Gray,130,1,Yes,Apparel,Top,,,
40000004057,Sky Top,86,3,Yes,Apparel,Top,,,
40000003986,White Hazel Top,78,1,Yes,Apparel,Top,,,
40000004227,X Front Top,72.99,1,Yes,Apparel,Top,,,
40007680001,Luxe Linen,27,1,Yes,Giftware,Candle,,,
40007681001,Passion Fruit & Citrus,27,1,Yes,Giftware,Candle,,,
40007679001,Shoreline,27,1,Yes,Giftware,Candle,,,
40007680001,Luxe Linen,27,1,Yes,Giftware,Candle,,,
40000004341,A&B Handbags,49.99,1,Yes,Giftware,Candle,,,
40007681001,Passion Fruit & Citrus,27,1,Yes,Giftware,Candle,,,
40007679001,Shoreline,27,1,Yes,Giftware,Candle,,,
40007683001,Pink Peony,27,1,Yes,Giftware,Candle,,,
40007681001,Passion Fruit & Citrus,27,1,Yes,Giftware,Candle,,,
40000004048,Candle,27,1,Yes,Giftware,Candle,,,
40007677001,Sandalwood Vanilla,27,1,Yes,Giftware,Candle,,,
40000003975,Cowboy Belt Mint,68,1,Yes,Accessory ,Belt,,Leather,Cowboy Belt Co
40008010001,Union Indigo,225,5,Yes,Apparel,,,,
40000004062,Local Celebrity Tee,38,4,Yes,Apparel,,,,
40007959001,Bee's Knees Mini Book,3,8,Yes,Stationary ,,,,
40008011001,Haywood Black,225,6,Yes,Apparel,,,,
40000004062,Local Celebrity Tee,38,5,Yes,Apparel,,,,
40007341001,Rose,28,1,Yes,Accessory ,,,,
40007348001,Reisling Candle,28,3,Yes,Giftware,,,,
40000004034,Rewined Candle,28,1,Yes,Giftware,,,,
40008054001,Champagne Candle,28,1,Yes,Giftware,,,,
40000004009,Lily Mid Rise Crop,145,2,Yes,Apparel,,,,
40000004062,Local Celebrity Tee,38,11,Yes,Apparel,,,,
40000003908,Vintage Dictionary Art,26,4,Yes,Giftware,,,,
40000003984,Free People Bra,38,1,Yes,Apparel,,,,
40007798001,Bralette,38,1,Yes,Apparel,,,,
40000003984,Free People Bra,38,1,Yes,Apparel,,,,
70528222053,Free People Bra ,38,1,Yes,Apparel,,,,
40000003984,Free People Bra,38,1,Yes,Apparel,,,,
40007797001,Bralette,38,2,Yes,Apparel,,,,
40000004385,Young At Heart Bralette,24.99,2,Yes,Apparel,,,,
40000003802,Bra Strappy Back,20,1,Yes,Apparel,,,,
40007173001,Blue Crew,24,1,Yes,Apparel,,,,
40007175001,Green Crew,24,1,Yes,Apparel,,,,
40007173001,Blue Crew,24,1,Yes,Apparel,,,,
40007178001,SS Grey,24,1,Yes,Apparel,,,,
40007173001,Blue Crew,24,1,Yes,Apparel,,,,
40000004062,Local Celebrity Tee,38,29,Yes,Apparel,,,,
40007171001,Totes,16,1,Yes,Accessory ,,,,
40000004412,4EverYoung,74.99,3,Yes,Apparel,,,,
40000004293,ANB Handbags,79.99,1,Yes,Accessory ,,,,
40000004414,Free People Grey/Pink,68,2,Yes,Apparel,,,,
40000003873,Kent Tank,48,2,Yes,Apparel,,,,
40000004331,PPLA,72.99,1,Yes,Apparel,,,,
40000004242,Z Supply,29.99,5,Yes,Apparel,,,,
40000004382,Bella Dahl Lace Up Dress,149.99,1,Yes,Apparel,,,,
40000004256,Mamie Ruth,59.99,4,Yes,Apparel,,,,
40000004398,Tart Rainbow Tara Dress,142.99,3,Yes,Apparel,,,,
40000004343,PPLA Ponderosa Dress,59.99,1,Yes,Apparel,,,,
40000004157,PPLA Top,54.99,2,Yes,Apparel,,,,
40000004221,V-Neck Popover,124.99,2,Yes,Apparel,,,,
40000004357,Mumu Oliver Tree Graphic,69.99,3,Yes,Apparel,,,,
40000004259,Feel The Piece,109.99,1,Yes,Apparel,,,,
40000004528,Z Supply Sno Yarn,34.99,1,Yes,Apparel,,,,
40000004217,Ryan Muscle Tank,39.99,1,Yes,Apparel,,,,
40000004217,Ryan Muscle Tank,39.99,1,Yes,Apparel,,,,
40000004333,GoodHyouman,42.99,1,Yes,Apparel,,,,
40000004332,GoodHyouman,42.99,1,Yes,Apparel,,,,
40000004213,Riley Cut Off,37.99,1,Yes,Apparel,,,,
40000004333,GoodHyouman,42.99,1,Yes,Apparel,,,,
40000004333,GoodHyouman,42.99,1,Yes,Apparel,,,,
40000004241,Z Supply,29.99,1,Yes,Apparel,,,,
40000004241,Z Supply,29.99,1,Yes,Apparel,,,,
40000004241,Z Supply,29.99,1,Yes,Apparel,,,,
40000004241,Z Supply,29.99,1,Yes,Apparel,,,,
40000004528,Z Supply Sno Yarn,34.99,1,Yes,Apparel,,,,
40000004528,Z Supply Sno Yarn,34.99,1,Yes,Apparel,,,,
40000004455,Nation Red Tee,74.99,1,Yes,Apparel,,,,
40000004455,Nation Red Tee,74.99,1,Yes,Apparel,,,,
40000003743,GoodHyou Top,39.99,1,Yes,Apparel,,,,
40000003743,GoodHyou Top,39.99,1,Yes,Apparel,,,,
40000004335,GoodHyouman,42.99,1,Yes,Apparel,,,,
40000004335,GoodHyouman,42.99,1,Yes,Apparel,,,,
40000004333,GoodHyouman,42.99,1,Yes,Apparel,,,,
40000004510,Mumu Circus Mini Dress,154.99,1,Yes,Apparel,,,,
40000004510,Mumu Circus Mini Dress,154.99,1,Yes,Apparel,,,,
40000004510,Mumu Circus Mini Dress,154.99,1,Yes,Apparel,,,,
40000004403,Tart Olympia Top,119.99,1,Yes,Apparel,,,,
40000004403,Tart Olympia Top,119.99,1,Yes,Apparel,,,,
40000004403,Tart Olympia Top,119.99,1,Yes,Apparel,,,,
40000004399,Tart Henrietta Dress,149.99,1,Yes,Apparel,,,,
40000004399,Tart Henrietta Dress,149.99,1,Yes,Apparel,,,,
40000004399,Tart Henrietta Dress,149.99,1,Yes,Apparel,,,,
40006583001,Cucumber Mist,28,1,Yes,Bath/Body ,,,,
40006583001,Cucumber Mist,28,1,Yes,Bath/Body ,,,,
40006583001,Cucumber Mist,28,1,Yes,Bath/Body ,,,,
40006583001,Cucumber Mist,28,1,Yes,Bath/Body ,,,,
40006583001,Cucumber Mist,28,1,Yes,Bath/Body ,,,,
40006583001,Cucumber Mist,28,1,Yes,Bath/Body ,,,,
40006583001,Cucumber Mist,28,1,Yes,Bath/Body ,,,,
40006583001,Cucumber Mist,28,1,Yes,Bath/Body ,,,,
40006583001,Cucumber Mist,28,1,Yes,Bath/Body ,,,,
40006583001,Cucumber Mist,28,1,Yes,Bath/Body ,,,,
40006583001,Cucumber Mist,28,1,Yes,Bath/Body ,,,,
40006583001,Cucumber Mist,28,1,Yes,Bath/Body ,,,,
40000004241,Z Supply,29.99,1,Yes,Apparel,,,,
M2161,Dainty Layer,50,1,Yes,Accessory ,,,,
M216M,Dainty Layer,69,1,Yes,Accessory ,,,,
40000004432,Sweet Tennessee Dress,148,1,Yes,Apparel,,,,
40000004432,Sweet Tennessee Dress,148,1,Yes,Apparel,,,,
40000004432,Sweet Tennessee Dress,148,1,Yes,Apparel,,,,
40000004255,Mamie Ruth,59.99,1,Yes,Apparel,,,,
40000004255,Mamie Ruth,59.99,1,Yes,Apparel,,,,
40000004255,Mamie Ruth,59.99,1,Yes,Apparel,,,,
40000004215,Cassie Tank,42.99,1,Yes,Apparel,,,,
40000004215,Cassie Tank,42.99,1,Yes,Apparel,,,,
40000004215,Cassie Tank,42.99,1,Yes,Apparel,,,,
40000004297,Free People,58,1,Yes,Apparel,,,,
40000004297,Free People,58,1,Yes,Apparel,,,,
40000004449,Free People Strwbery Swtr,108,1,Yes,Apparel,,,,
40000004449,Free People Strwbery Swtr,108,1,Yes,Apparel,,,,
40000004449,Free People Strwbery Swtr,108,1,Yes,Apparel,,,,
40000004449,Free People Strwbery Swtr,108,1,Yes,Apparel,,,,
40000003807,Wilt Rustic/White Shrunken BF,79.99,1,Yes,Apparel,,,,
40000003807,Wilt Rustic/White Shrunken BF,79.99,1,Yes,Apparel,,,,
40000004477,Wilt Blue/Putty Vintage V-Neck,97.99,1,Yes,Apparel,,,,
40000004477,Wilt Blue/Putty Vintage V-Neck,97.99,1,Yes,Apparel,,,,
40000004330,Free People,98,1,Yes,Apparel,,,,
40000004330,Free People,98,1,Yes,Apparel,,,,
40000003807,Wilt Rustic/White Shrunken BF,79.99,1,Yes,Apparel,,,,
40000003807,Wilt Rustic/White Shrunken BF,79.99,1,Yes,Apparel,,,,
40000004478,Wilt Blue/White Twisted Rib,118.99,1,Yes,Apparel,,,,
40000003807,Wilt Rustic/White Shrunken BF,79.99,1,Yes,Apparel,,,,
40000004417,Free People Black/Green,68,1,Yes,Apparel,,,,
40000004417,Free People Black/Green,68,1,Yes,Apparel,,,,
40000004417,Free People Black/Green,68,1,Yes,Apparel,,,,
40000004417,Free People Black/Green,68,1,Yes,Apparel,,,,
40000004162,PPLA Top,59.99,1,Yes,Apparel,,,,
40000004162,PPLA Top,59.99,1,Yes,Apparel,,,,
T6559A231,,118.99,1,Yes,Apparel,,,,
T6559A231,,118.99,1,Yes,Apparel,,,,
40000004162,PPLA Top,59.99,1,Yes,Apparel,,,,
40000004258,Feel The Piece,169.99,1,Yes,Apparel,,,,
40000004258,Feel The Piece,169.99,1,Yes,Apparel,,,,
40000004505,Nation Viola Tank Elderberry,85.99,1,Yes,Apparel,,,,
40000004505,Nation Viola Tank Elderberry,85.99,1,Yes,Apparel,,,,
40000004505,Nation Viola Tank Elderberry,85.99,1,Yes,Apparel,,,,
40000004533,Free People Tee,58,1,Yes,Apparel,,,,
40000004533,Free People Tee,58,1,Yes,Apparel,,,,
40000004533,Free People Tee,58,1,Yes,Apparel,,,,
40000004476,Wilt Grey/Rust Shrunken Tank,87.99,1,Yes,Apparel,,,,
40000004476,Wilt Grey/Rust Shrunken Tank,87.99,1,Yes,Apparel,,,,
40000004476,Wilt Grey/Rust Shrunken Tank,87.99,1,Yes,Apparel,,,,
40000003743,GoodHyou Top,39.99,1,Yes,Apparel,,,,
40000003743,GoodHyou Top,39.99,1,Yes,Apparel,,,,
40000004511,Mumu Banna Split Pants,145.99,1,Yes,Apparel,,,,
40000004511,Mumu Banna Split Pants,145.99,1,Yes,Apparel,,,,
40000004511,Mumu Banna Split Pants,145.99,1,Yes,Apparel,,,,
40000003874,Park Swing Tank,38,1,Yes,Apparel,,,,
40000003874,Park Swing Tank,38,1,Yes,Apparel,,,,
40000003874,Park Swing Tank,38,1,Yes,Apparel,,,,
40000003874,Park Swing Tank,38,1,Yes,Apparel,,,,
40000003874,Park Swing Tank,38,1,Yes,Apparel,,,,
40000004450,Free People Pink Heart Tunic,98,1,Yes,Apparel,,,,
40000004450,Free People Pink Heart Tunic,98,1,Yes,Apparel,,,,
40000004450,Free People Pink Heart Tunic,98,1,Yes,Apparel,,,,
40000003716,,245,1,Yes,Apparel,,,,
40000003716,,245,1,Yes,Apparel,,,,
40000003716,,245,1,Yes,Apparel,,,,
40000003716,,245,1,Yes,Apparel,,,,
40000003716,,245,1,Yes,Apparel,,,,
40000004406,Tart Olga Blazer,149.99,1,Yes,Apparel,,,,
40000004253,Mamie Ruth,65.99,2,Yes,Apparel,,,,
40000004499,Nation Georgina Henley Camel,99.99,4,Yes,Apparel,,,,
40000004385,Young At Heart Bralette,24.99,3,Yes,Apparel,,,,
40000004500,Nation Georgina Henley Natural,99.99,5,Yes,Apparel,,,,
40000004418,Mid Rise Cargo,228,1,Yes,Apparel,,,,
40000004418,Mid Rise Cargo,228,1,Yes,Apparel,,,,
40000004418,Mid Rise Cargo,228,1,Yes,Apparel,,,,
40000004418,Mid Rise Cargo,228,1,Yes,Apparel,,,,
40000004292,ANB Handbags,59.99,1,Yes,Accessory ,,,,
40008025001,Dainty Lock Silver,62,1,Yes,Accessory ,,,,
40000003789,Giving Keys Lariat Lock Gold,75,1,Yes,Accessory ,,,,
40000004495,Nation Cori Tee Elderberry,79.99,1,Yes,Apparel,,,,
40000004495,Nation Cori Tee Elderberry,79.99,1,Yes,Apparel,,,,
40000004495,Nation Cori Tee Elderberry,79.99,1,Yes,Apparel,,,,
40000004495,Nation Cori Tee Elderberry,79.99,1,Yes,Apparel,,,,
40000004543,Sand Python 17oz,35,1,Yes,Accessory ,,,,
40000004541,Yellow Gold 17oz,42,1,Yes,Accessory ,,,,
40000004545,Birchwood 25oz,45,1,Yes,Accessory ,,,,
40000004543,Sand Python 17oz,35,1,Yes,Accessory ,,,,
40000004545,Birchwood 25oz,45,1,Yes,Accessory ,,,,
40007877001,Mini Shoulder Bag,55,1,Yes,Accessory ,,,,
40000004251,Mamie Ruth,59.99,1,Yes,Apparel,,,,
40000004461,GoodHyouman Aguilera must tank,37.99,1,Yes,Apparel,,,,
40000004461,GoodHyouman Aguilera must tank,37.99,1,Yes,Apparel,,,,
40000003743,GoodHyou Top,39.99,1,Yes,Apparel,,,,
40000003743,GoodHyou Top,39.99,1,Yes,Apparel,,,,
40000003743,GoodHyou Top,39.99,1,Yes,Apparel,,,,
40000003743,GoodHyou Top,39.99,1,Yes,Apparel,,,,
40000004304,PPLA Top,49.99,1,Yes,Apparel,,,,
40000004498,Nation Bowie Tee Olive,85.99,1,Yes,Apparel,,,,
40000004498,Nation Bowie Tee Olive,85.99,1,Yes,Apparel,,,,
40000004498,Nation Bowie Tee Olive,85.99,1,Yes,Apparel,,,,
40000004528,Z Supply Sno Yarn,34.99,1,Yes,Apparel,,,,
40000004502,Nation Leona Henley Navy,89.99,1,Yes,Apparel,,,,
40000004502,Nation Leona Henley Navy,89.99,1,Yes,Apparel,,,,
40000004528,Z Supply Sno Yarn,34.99,1,Yes,Apparel,,,,
40000004528,Z Supply Sno Yarn,34.99,1,Yes,Apparel,,,,
40000004528,Z Supply Sno Yarn,34.99,1,Yes,Apparel,,,,
40000004462,GoodHyouman Jamie-Mock Dress,58.99,1,Yes,Apparel,,,,
40000004462,GoodHyouman Jamie-Mock Dress,58.99,1,Yes,Apparel,,,,
40000004462,GoodHyouman Jamie-Mock Dress,58.99,1,Yes,Apparel,,,,
40000004503,Nation Tricia Tee Black,87.99,1,Yes,Apparel,,,,
40000004503,Nation Tricia Tee Black,87.99,1,Yes,Apparel,,,,
40000004503,Nation Tricia Tee Black,87.99,1,Yes,Apparel,,,,
40000004494,Nation Cori Tee Black,79.99,1,Yes,Apparel,,,,
40000004494,Nation Cori Tee Black,79.99,1,Yes,Apparel,,,,
40000004494,Nation Cori Tee Black,79.99,1,Yes,Apparel,,,,
40000004502,Nation Leona Henley Navy,89.99,1,Yes,Apparel,,,,
40000004494,Nation Cori Tee Black,79.99,1,Yes,Apparel,,,,
40000004497,Nation Gretchen Tee White,76.99,1,Yes,Apparel,,,,
40000004497,Nation Gretchen Tee White,76.99,1,Yes,Apparel,,,,
40000004501,Nation Leona Henley Grey,87.99,1,Yes,Apparel,,,,
40000004501,Nation Leona Henley Grey,87.99,1,Yes,Apparel,,,,
40000004501,Nation Leona Henley Grey,87.99,1,Yes,Apparel,,,,
40000004498,Nation Bowie Tee Olive,85.99,1,Yes,Apparel,,,,
40000004214,Anderson Crop,69.99,1,Yes,Apparel,,,,
40000004503,Nation Tricia Tee Black,87.99,1,Yes,Apparel,,,,
40000004497,Nation Gretchen Tee White,76.99,1,Yes,Apparel,,,,
40000004497,Nation Gretchen Tee White,76.99,1,Yes,Apparel,,,,
40000004497,Nation Gretchen Tee White,76.99,1,Yes,Apparel,,,,
40000004497,Nation Gretchen Tee White,76.99,1,Yes,Apparel,,,,
40000004498,Nation Bowie Tee Olive,85.99,1,Yes,Apparel,,,,
40000004528,Z Supply Sno Yarn,34.99,1,Yes,Apparel,,,,
40000004243,Z Supply,34.99,1,Yes,Apparel,,,,
40000004243,Z Supply,34.99,1,Yes,Apparel,,,,
40000004187,Bittersweet Tee,68,1,Yes,Apparel,,,,
40000004187,Bittersweet Tee,68,1,Yes,Apparel,,,,
40000004187,Bittersweet Tee,68,1,Yes,Apparel,,,,
40000004459,GoodHyouman Jordie french Tee,59.99,1,Yes,Apparel,,,,
40000004459,GoodHyouman Jordie french Tee,59.99,1,Yes,Apparel,,,,
40000004460,GoodHyouman Lennie-Hoodie,59.99,1,Yes,Apparel,,,,
40000004460,GoodHyouman Lennie-Hoodie,59.99,1,Yes,Apparel,,,,
40000004460,GoodHyouman Lennie-Hoodie,59.99,1,Yes,Apparel,,,,
40006153001,Classic 3/4 Sleeve Ivory,38,1,Yes,Apparel,,,,
40006153001,Classic 3/4 Sleeve Ivory,38,1,Yes,Apparel,,,,
40007998001,Charcoal L/S,37,1,Yes,Apparel,,,,
40007997001,Black L/S,37,1,Yes,Apparel,,,,
40006153001,Classic 3/4 Sleeve Ivory,38,1,Yes,Apparel,,,,
40007997001,Black L/S,37,1,Yes,Apparel,,,,
40007998001,Charcoal L/S,37,1,Yes,Apparel,,,,
40007999001,White L/S,37,1,Yes,Apparel,,,,
40007999001,White L/S,37,1,Yes,Apparel,,,,
40007996001,White 3/4 Sleeve,35,1,Yes,Apparel,,,,
40007996001,White 3/4 Sleeve,35,1,Yes,Apparel,,,,
40000003798,Intervention-Ware Mug,15,9,Yes,Apparel,,,,
40000004480,Mumu Flamingo Romper,145.99,1,Yes,Apparel,,,,
40000004480,Mumu Flamingo Romper,145.99,1,Yes,Apparel,,,,
40000004493,Mumu Aquarius Paisely Tunic,145.99,1,Yes,Apparel,,,,
40000004493,Mumu Aquarius Paisely Tunic,145.99,1,Yes,Apparel,,,,
40000004508,Mumu Pete Tunic Rainforest,139.99,1,Yes,Apparel,,,,
40000004508,Mumu Pete Tunic Rainforest,139.99,1,Yes,Apparel,,,,
40000004508,Mumu Pete Tunic Rainforest,139.99,1,Yes,Apparel,,,,
40000004508,Mumu Pete Tunic Rainforest,139.99,1,Yes,Apparel,,,,
40000004396,Level 99 Wide Leg,119.99,1,Yes,Apparel,,,,
40000004396,Level 99 Wide Leg,119.99,1,Yes,Apparel,,,,
40000004396,Level 99 Wide Leg,119.99,1,Yes,Apparel,,,,
40000004396,Level 99 Wide Leg,119.99,1,Yes,Apparel,,,,
40000004396,Level 99 Wide Leg,119.99,1,Yes,Apparel,,,,
40000004251,Mamie Ruth,59.99,1,Yes,Apparel,,,,
40000004251,Mamie Ruth,59.99,1,Yes,Apparel,,,,
40000004486,Mumu Aquarius Paisely Tank,109.99,1,Yes,Apparel,,,,
40000004486,Mumu Aquarius Paisely Tank,109.99,1,Yes,Apparel,,,,
40000004483,Mumu Bluebird Cloud Tunic,140.99,1,Yes,Apparel,,,,
40000004483,Mumu Bluebird Cloud Tunic,140.99,1,Yes,Apparel,,,,
40000004483,Mumu Bluebird Cloud Tunic,140.99,1,Yes,Apparel,,,,
40000004509,Mumu Garrett Tank Jungle Juice,134.99,1,Yes,Apparel,,,,
40000004509,Mumu Garrett Tank Jungle Juice,134.99,1,Yes,Apparel,,,,
40000004509,Mumu Garrett Tank Jungle Juice,134.99,1,Yes,Apparel,,,,
40000004509,Mumu Garrett Tank Jungle Juice,134.99,1,Yes,Apparel,,,,
40000004492,Mumu Bonfire Sweater,164.99,1,Yes,Apparel,,,,
40000004492,Mumu Bonfire Sweater,164.99,1,Yes,Apparel,,,,
40000004492,Mumu Bonfire Sweater,164.99,1,Yes,Apparel,,,,
40000004491,Mumu Casa Love Emboridery,154.99,1,Yes,Apparel,,,,
40000004491,Mumu Casa Love Emboridery,154.99,1,Yes,Apparel,,,,
40000004512,Mumu Sawyer Short Rainforest,109.99,1,Yes,Apparel,,,,
40000004512,Mumu Sawyer Short Rainforest,109.99,1,Yes,Apparel,,,,
40000004512,Mumu Sawyer Short Rainforest,109.99,1,Yes,Apparel,,,,
40000004512,Mumu Sawyer Short Rainforest,109.99,1,Yes,Apparel,,,,
40000004396,Level 99 Wide Leg,119.99,1,Yes,Apparel,,,,
40000004396,Level 99 Wide Leg,119.99,1,Yes,Apparel,,,,
40000004396,Level 99 Wide Leg,119.99,1,Yes,Apparel,,,,
40000004513,Mumu Katy Halter Dress Topical,154.99,1,Yes,Apparel,,,,
40000004513,Mumu Katy Halter Dress Topical,154.99,1,Yes,Apparel,,,,
40000004513,Mumu Katy Halter Dress Topical,154.99,1,Yes,Apparel,,,,
40000004513,Mumu Katy Halter Dress Topical,154.99,1,Yes,Apparel,,,,
40000004481,Mumu Bluebird Cloud Mini Dress,165.99,1,Yes,Apparel,,,,
40000004481,Mumu Bluebird Cloud Mini Dress,165.99,1,Yes,Apparel,,,,
40000004481,Mumu Bluebird Cloud Mini Dress,165.99,1,Yes,Apparel,,,,
40000004490,Mumu Bonfire Crisp Pom Shorts,109.99,1,Yes,Apparel,,,,
40000004490,Mumu Bonfire Crisp Pom Shorts,109.99,1,Yes,Apparel,,,,
40000004490,Mumu Bonfire Crisp Pom Shorts,109.99,1,Yes,Apparel,,,,
1813,Black/Red Fringe,45.99,1,Yes,Apparel,,,,
40000003874,Park Swing Tank,38,1,Yes,Apparel,,,,
40000004454,Hazel Havy vest with hood,84.99,1,Yes,Apparel,,,,
40000004454,Hazel Havy vest with hood,84.99,1,Yes,Apparel,,,,
40000004454,Hazel Havy vest with hood,84.99,1,Yes,Apparel,,,,
40000004456,Nation Drap Back Dress,89.99,1,Yes,Apparel,,,,
40000004456,Nation Drap Back Dress,89.99,1,Yes,Apparel,,,,
40000004484,Mumu Blue Mus Tank,135.99,1,Yes,Apparel,,,,
40000004484,Mumu Blue Mus Tank,135.99,1,Yes,Apparel,,,,
40000004484,Mumu Blue Mus Tank,135.99,1,Yes,Apparel,,,,
40000004379,Bella Dahl Cross Back Romper,159.99,1,Yes,Apparel,,,,
40000004379,Bella Dahl Cross Back Romper,159.99,1,Yes,Apparel,,,,
40000004379,Bella Dahl Cross Back Romper,159.99,1,Yes,Apparel,,,,
40000004089,Feel The Piece,99,1,Yes,Apparel,,,,
40000004088,Feel The Piece,85,1,Yes,Apparel,,,,
40000004401,Tart Susannah Top,105.99,1,Yes,Apparel,,,,
40000004401,Tart Susannah Top,105.99,1,Yes,Apparel,,,,
40000004084,Feel The Piece,85,1,Yes,Apparel,,,,
40000004260,Feel The Piece,135.99,1,Yes,Apparel,,,,
40000004260,Feel The Piece,135.99,1,Yes,Apparel,,,,
40000004377,Bella Dahl LArge Pocket Pullov,149.99,1,Yes,Apparel,,,,
40000004208,Morgan Tank,84.99,1,Yes,Apparel,,,,
40000004377,Bella Dahl LArge Pocket Pullov,149.99,1,Yes,Apparel,,,,
40000004377,Bella Dahl LArge Pocket Pullov,149.99,1,Yes,Apparel,,,,
40000004377,Bella Dahl LArge Pocket Pullov,149.99,1,Yes,Apparel,,,,
40000004452,Hazel Navy Top,59.99,1,Yes,Apparel,,,,
40000004452,Hazel Navy Top,59.99,1,Yes,Apparel,,,,
40000004397,Tart Water Tara Dress,142.99,1,Yes,Apparel,,,,
40000004397,Tart Water Tara Dress,142.99,1,Yes,Apparel,,,,
40000004404,Tart Adalyn Pant,127.99,1,Yes,Apparel,,,,
40000004404,Tart Adalyn Pant,127.99,1,Yes,Apparel,,,,
40000004404,Tart Adalyn Pant,127.99,1,Yes,Apparel,,,,
40000004079,PPLA Denim Tank,55,1,Yes,Apparel,,,,
40000004079,PPLA Denim Tank,55,1,Yes,Apparel,,,,
40000004079,PPLA Denim Tank,55,1,Yes,Apparel,,,,
40000003874,Park Swing Tank,38,1,Yes,Apparel,,,,
40000004163,PPLA Top,62.99,1,Yes,Apparel,,,,
40000004242,Z Supply,29.99,1,Yes,Apparel,,,,
40000004327,Free People,68,1,Yes,Apparel,,,,
40000004242,Z Supply,29.99,1,Yes,Apparel,,,,
40000004242,Z Supply,29.99,1,Yes,Apparel,,,,
40000004242,Z Supply,29.99,1,Yes,Apparel,,,,
40000004082,Feel The Piece,150,1,Yes,Apparel,,,,
40000004268,Feel the Piece,99.99,1,Yes,Apparel,,,,
40000004268,Feel the Piece,99.99,1,Yes,Apparel,,,,
40000004241,Z Supply,29.99,1,Yes,Apparel,,,,
40000004383,Young At Heart Stripe Tank,64.99,1,Yes,Apparel,,,,
40000004383,Young At Heart Stripe Tank,64.99,1,Yes,Apparel,,,,
40000004086,Feel The Piece,110,1,Yes,Apparel,,,,
40000004086,Feel The Piece,110,1,Yes,Apparel,,,,
40000004266,Feel the Piece,142.99,1,Yes,Apparel,,,,
40000004267,Feel the Piece,175.99,1,Yes,Apparel,,,,
40000004134,HEATHER GREY,69.99,1,Yes,Apparel,,,,
40000004134,HEATHER GREY,69.99,1,Yes,Apparel,,,,
40000004478,Wilt Blue/White Twisted Rib,118.99,1,Yes,Apparel,,,,
40000004477,Wilt Blue/Putty Vintage V-Neck,97.99,1,Yes,Apparel,,,,
40000004477,Wilt Blue/Putty Vintage V-Neck,97.99,1,Yes,Apparel,,,,
40000004084,Feel The Piece,85,1,Yes,Apparel,,,,
40000004247,Feel The Piece,119.99,1,Yes,Apparel,,,,
40000004330,Free People,98,1,Yes,Apparel,,,,
40000004330,Free People,98,1,Yes,Apparel,,,,
40000004330,Free People,98,1,Yes,Apparel,,,,
40000004330,Free People,98,1,Yes,Apparel,,,,
88837452778,Free People,68,1,Yes,Apparel,,,,
88837452777,Free People,68,1,Yes,Apparel,,,,
88837452775,Free People,68,1,Yes,Apparel,,,,
88837452776,Free People,68,1,Yes,Apparel,,,,
88837452777,Free People,68,1,Yes,Apparel,,,,
40000004328,Free People,128,1,Yes,Apparel,,,,
40000004526,Tart Blazer Olive,169.99,1,Yes,Apparel,,,,
40000004527,Z Supply Camo,34.99,1,Yes,Apparel,,,,
40000004526,Tart Blazer Olive,169.99,1,Yes,Apparel,,,,
40000004526,Tart Blazer Olive,169.99,1,Yes,Apparel,,,,
40000004527,Z Supply Camo,34.99,1,Yes,Apparel,,,,
40000004537,Y@H GRey Twist Tunic,85.99,3,Yes,Apparel,,,,
40000004540,PPLA  Mya Contrast Tank,57.99,3,Yes,Apparel,,,,
40000003717,,225,2,Yes,Apparel,,,,
40000004538,PPLA Distressed Tee Black/Grey,54.99,3,Yes,Apparel,,,,
40000004536,Y@H White FRont Twist Top,49.99,3,Yes,Apparel,,,,
40000004415,Free People Black Combo Dress,88,5,Yes,Apparel,,,,
40000004476,Wilt Grey/Rust Shrunken Tank,87.99,3,Yes,Apparel,,,,
40007737001,Wowsa Hare,25,1,Yes,Giftware,,,,
40008047001,Sauvignon Blanc Candle,28,1,Yes,Giftware,Candle,,,
40007341001,Rose,28,1,Yes,Bath/Body ,,,,
40007777001,Green Wine,25,1,Yes,Giftware,,,,
40007779001,Geometric,25,1,Yes,Giftware,,,,
40007874001,Reversible Tote,95,1,Yes,Accessory ,Handbag,,,Sydney Love
40000004418,Mid Rise Cargo,228,5,Yes,Apparel,Bottom,Pant,Cargo,J Brand
40000004487,Mumu Waterfalls Tank,109.99,3,Yes,Apparel,Top,,,
40000003809,Low Rise Cropped Skinny,198,1,Yes,Apparel,Bottom,,,
40008054001,Champagne Candle,28,1,Yes,Accessory ,Candle,,,
40000004034,Rewined Candle,28,1,Yes,Accessory ,Candle,,,
40000004520,Tart Constance Dress,164.99,1,Yes,Apparel,Dress,,,
40007874001,Reversible Tote,95,1,Yes,Accessory ,Handbag,,,
40000004336,A&B Handbags,64.99,1,Yes,Accessory ,Handbag,,,
40000004519,Tart Rain Dress Python,142.99,3,Yes,Apparel,Dress,,,
40000004520,Tart Constance Dress,164.99,2,Yes,Apparel,Dress,,,
40000004451,Hazel Mint Top,54.99,2,Yes,Apparel,Top,,,
40000004416,Free People Ivory Top,128,3,Yes,Apparel,Top,,,
40000003874,Park Swing Tank,38,3,Yes,Apparel,Top,,,
40000004013,Brya Mid Rise Boot,238,5,Yes,Apparel,Bottom,Pant,Denim,
40000004522,Tart Louis Tank Black,79.99,3,Yes,Apparel,Top,,,
40000004525,Tart Jacket Black,149.99,3,Yes,Apparel,Outer Wear,Blazer,,
40000004451,Hazel Mint Top,54.99,1,Yes,Apparel,Top,,,
40000004504,Nation joanna Dress Olive,99.99,4,Yes,Apparel,Dress,,,
40000004523,Tart Loona Top Grey,84.99,3,Yes,Apparel,,,,
40000004539,PPLA Arrow Wash Tank,44.99,3,Yes,Apparel,Top,,,
40000004521,Tart Charly Dress,149.99,3,Yes,Apparel,Dress,,,
40000004507,Y@H Lawn Slvless Tank,59.99,3,Yes,Apparel,Top,,,
40000004162,PPLA Top,59.99,3,Yes,Apparel,Top,,,
40000004304,PPLA Top,49.99,4,Yes,Apparel,Top,,,
40000004305,PPLA Top,62.99,5,Yes,Apparel,Top,,,
40000004239,Z Supply,34.99,1,Yes,Apparel,Top,,,Z Supply
40000004239,Z Supply,34.99,1,Yes,Apparel,Top,,,Z Supply
40000004328,Free People,128,4,Yes,Apparel,Top,,,Free People
40000004188,The Best Top,108,2,Yes,Apparel,Top,,,
40000004332,GoodHyouman,42.99,1,Yes,Apparel,Top,,,GoodHyoumsn
40000004524,Tart Eilen Top,74.99,3,Yes,Apparel,Top,,,Tart Collection
40000004329,Free People,98,5,Yes,Apparel,,,,Free People
40000004458,Nation Grey Wrap Skirt,92.99,3,Yes,Apparel,Bottom,Skirt,,Nation
40000004538,PPLA Distressed Tee Black/Grey,54.99,3,Yes,Apparel,Top,Tshirt,,PPLA
40000004457,Nation Twist Back Tank,67.99,4,Yes,Apparel,Top,Sleeveless,,Nation
40000004352,Free People,108,4,Yes,Apparel,,,,Free People
40000004482,Mumu White Cloud Mini Dress,165.99,1,Yes,Apparel,Dress,,,Mumu
40000004389,Mamie Ruth Sunday Ticket Tee,59.99,2,Yes,Apparel,Top,Tshirt,,Mamie Ruth
40000004405,Tart Adalyn Pant,127.99,1,Yes,Apparel,Bottom,Crop,,Tart Collection
40000004018,Black Flat,78,6,Yes,Footwear,Flat,,,Lucky Brand
40000004340,A&B Handbags,49.99,1,Yes,Accessory ,Handbag,,,America&Beyond
45000,Fuzzy Key Chain,18,1,Yes,Accessory ,Key Chain,,,
40000004016,Fiesta Sandal,68,6,Yes,Footwear,Sandal,,,Lucky Brand 
40000004017,Black/Clay Wedge,85,3,Yes,Footwear,Wedge,,,Lucky Brand 
40000004019,Magma Sandal,68,6,Yes,Footwear,Sandal,,,Lucky Brand 
40000004020,Blush Sandal,68,4,Yes,Footwear,Sandal,,,Lucky Brand 
